BEGIN TRANSACTION;
CREATE TABLE "users" ("id" INTEGER PRIMARY KEY AUTOINCREMENT NOT NULL, "email" varchar DEFAULT '' NOT NULL, "encrypted_password" varchar DEFAULT '' NOT NULL, "reset_password_token" varchar, "reset_password_sent_at" datetime, "remember_created_at" datetime, "sign_in_count" integer DEFAULT 0 NOT NULL, "current_sign_in_at" datetime, "last_sign_in_at" datetime, "current_sign_in_ip" varchar, "last_sign_in_ip" varchar, "created_at" datetime NOT NULL, "updated_at" datetime NOT NULL, "confirmation_token" varchar, "confirmed_at" datetime, "confirmation_sent_at" datetime);
INSERT INTO `users` VALUES (4,'albamm@cic.unb.br','$2a$10$clN8YHR3o9l4nvIMhxEklurw5.FBLk/sfCujx7OW3lC6xka3qtC9S',NULL,NULL,NULL,0,NULL,NULL,NULL,NULL,'2016-07-12 03:41:08.096965','2016-07-12 03:43:59.796417','wyKw7soA6h4TsWHxidGg','2016-07-12 03:43:59.794095','2016-07-12 03:41:08.097507');
INSERT INTO `users` VALUES (5,'aleteia@cic.unb.br','$2a$10$xbWcUdD7snaYADJFdWNlPuF6Y7Mxex1o2YRTAm0QZH.ZVdh2zODQS',NULL,NULL,NULL,0,NULL,NULL,NULL,NULL,'2016-07-12 03:45:13.066562','2016-07-12 03:45:56.076578','gaDpmJnUmnsbfiQWx9tj','2016-07-12 03:45:56.075621','2016-07-12 03:45:13.066928');
INSERT INTO `users` VALUES (6,'alexandre@cic.unb.br','$2a$10$4FBJyJmqEMdmsN7aur.cnu1RuMDqC8PiPWh2KpmLJAwQhMw2shBJC',NULL,NULL,NULL,7,'2016-07-13 12:28:29.883497','2016-07-13 12:09:15.967429','127.0.0.1','127.0.0.1','2016-07-12 03:47:56.673090','2016-07-13 12:28:29.885284','Vyr3WdU87DyJduqRq9b9','2016-07-12 03:48:16.564469','2016-07-12 03:47:56.673437');
INSERT INTO `users` VALUES (7,'andred@unb.br','$2a$10$a4yyApMONE4z2FsmLUN.M.qm.cbbvDjss42tzmhT57EH0of3yJra.',NULL,NULL,NULL,0,NULL,NULL,NULL,NULL,'2016-07-12 03:48:51.334938','2016-07-12 03:49:06.503778','wFyF5i9bGTfiD6S4PVTY','2016-07-12 03:49:06.503119','2016-07-12 03:48:51.335427');
INSERT INTO `users` VALUES (8,'arcela@cic.unb.br','$2a$10$QfqUn7f9PNen0XHxyIjuz.MWm3UPuL.dXjR0YPaKSF3V7CGFTIKiS',NULL,NULL,NULL,1,'2016-07-12 03:53:06.431660','2016-07-12 03:53:06.431660','127.0.0.1','127.0.0.1','2016-07-12 03:51:22.037603','2016-07-12 03:53:06.432825','WykSx1s-zpciAzLky9aQ','2016-07-12 03:51:34.902591','2016-07-12 03:51:22.038877');
INSERT INTO `users` VALUES (9,'bruno@cic.unb.br','$2a$10$78cgiODpkZXEFONRNnMuz.EO/btUy8VNPxYHmIA64SiYl0o/yRxd6',NULL,NULL,NULL,0,NULL,NULL,NULL,NULL,'2016-07-12 03:54:40.743537','2016-07-12 03:54:52.325218','FnZewAfZTaXcVv3A3L_s','2016-07-12 03:54:52.324717','2016-07-12 03:54:40.743810');
INSERT INTO `users` VALUES (10,'camilodorea@unb.br','$2a$10$cTtmrHefKY/cFttjfpjzs.3q9rCd6B00fKpGsNg1Tnd/U.g5gKJUS',NULL,NULL,NULL,0,NULL,NULL,NULL,NULL,'2016-07-12 03:55:41.316407','2016-07-12 03:55:55.015507','ZVyTVrUyS5bsZuitWc4P','2016-07-12 03:55:55.014668','2016-07-12 03:55:41.316732');
INSERT INTO `users` VALUES (11,'ckoike@cic.unb.br','$2a$10$NVtiHMep7e1LQnFf0F.IeO391VkBE/XQaJDqdhf16w19yc0dIGXCy',NULL,NULL,NULL,0,NULL,NULL,NULL,NULL,'2016-07-12 03:56:49.343009','2016-07-12 03:56:57.349326','Fh89Z2UwgQZa52gZL_zy','2016-07-12 03:56:57.348749','2016-07-12 03:56:49.343524');
INSERT INTO `users` VALUES (12,'carlacastanho@unb.br','$2a$10$6I5uXg51TXKRFRTrozUfSuMur85ixC.wTPVN3ljLfQlUyUgAqWJ4m',NULL,NULL,NULL,0,NULL,NULL,NULL,NULL,'2016-07-12 03:58:57.176622','2016-07-12 03:59:05.138949','Hxu8zspsc_GBvpyLr4tE','2016-07-12 03:59:05.138260','2016-07-12 03:58:57.176896');
INSERT INTO `users` VALUES (13,'ghedini@unb.br','$2a$10$np0ACigeCsWXAGf5rzbguekfLuHJQQDseElrfSf5FS48BPWF3hk0i',NULL,NULL,NULL,0,NULL,NULL,NULL,NULL,'2016-07-12 04:00:52.718313','2016-07-12 04:01:43.303786','HDhYaxzmx6QLtnYkDdpz','2016-07-12 04:01:43.302613','2016-07-12 04:00:52.718868');
INSERT INTO `users` VALUES (14,'nalon@unb.br','$2a$10$d3eBlGUWml5OTisjPgajzOCNJb/5FfrTwpE1C0XwlMeJwFh./D4AO',NULL,NULL,NULL,0,NULL,NULL,NULL,NULL,'2016-07-12 04:03:02.310367','2016-07-12 04:03:27.470331','-pzEYrYrbt-F57-Gx9zH','2016-07-12 04:03:27.469687','2016-07-12 04:03:02.310673');
INSERT INTO `users` VALUES (15,'ishikawa@cic.unb.br','$2a$10$MIZgqZ0xRi0j71mprapCWu1T3No99xLPW7OPmaS0IW1hkCZmfFobS',NULL,NULL,NULL,0,NULL,NULL,NULL,NULL,'2016-07-12 04:05:32.801935','2016-07-12 04:05:47.114139','jpxvxP1fzerBncxKyC7a','2016-07-12 04:05:47.111393','2016-07-12 04:05:32.802250');
INSERT INTO `users` VALUES (16,'alchieri@cic.unb.br','$2a$10$Sp0j.JH/ZFl9goXmMnrmnuz.W80x6kYmfUtX0mX1869jwjgHmRjwG',NULL,NULL,NULL,0,NULL,NULL,NULL,NULL,'2016-07-12 04:06:18.788692','2016-07-12 04:06:31.213452','Rs1tACh3AkX7ZyFWcZz8','2016-07-12 04:06:31.212865','2016-07-12 04:06:18.789189');
INSERT INTO `users` VALUES (17,'ferlima@unb.br','$2a$10$tOdLNuYZHbeOQhTaijU8bOEXt1Qsf.HH7TQmpZ5ax9PTgkqgEZ8j2',NULL,NULL,NULL,1,'2016-07-12 04:10:09.786053','2016-07-12 04:09:59.033859','127.0.0.1','127.0.0.1','2016-07-12 04:07:59.997758','2016-07-12 04:10:09.787129','rqSSo8mRrVpfexWkNoyM','2016-07-12 04:08:19.335533','2016-07-12 04:07:59.998110');
INSERT INTO `users` VALUES (18,'fernando@cic.unb.br','$2a$10$MpWiCegZX/kHkgEoknUZWumLTXn0AtAlg3DKPx8B49B6ZAL3otVnK',NULL,NULL,NULL,0,NULL,NULL,NULL,NULL,'2016-07-12 04:12:22.755858','2016-07-12 04:12:36.085134','Bfh9vPSMK4ipBxAR6Axh','2016-07-12 04:12:36.084522','2016-07-12 04:12:22.756221');
INSERT INTO `users` VALUES (19,'fbvidal@cic.unb.br','$2a$10$xPSAUkFExUsm1SipcHlTu.1wLpW5MrOKIMtQjDxBZaYhSGedL.FhC',NULL,NULL,NULL,0,NULL,NULL,NULL,NULL,'2016-07-12 04:13:44.684010','2016-07-12 04:13:55.814310','txxnsEyxf7uvuAjm1uxT','2016-07-12 04:13:55.813701','2016-07-12 04:13:44.684305');
INSERT INTO `users` VALUES (20,'flaviomoura@unb.br','$2a$10$LCEka1ZDFVOMBiBpO6YXmuzMcYo4YoIMRk/AoLHVGordckDP6Opoy',NULL,NULL,NULL,0,NULL,NULL,NULL,NULL,'2016-07-12 04:15:10.984799','2016-07-12 04:15:25.781017','x_vtXPpSd14CDBAmtaQU','2016-07-12 04:15:25.780192','2016-07-12 04:15:10.985665');
INSERT INTO `users` VALUES (21,'facp@cic.unb.br','$2a$10$Rw4oyrHILDZGVMoWBBo4XuIWLSu6JKCwOz1qYHZeKtFyg7JuVp8M2',NULL,NULL,NULL,0,NULL,NULL,NULL,NULL,'2016-07-12 04:16:35.060855','2016-07-12 04:16:43.562958','kQiz9i91wsVGU8BYBCmz','2016-07-12 04:16:43.561868','2016-07-12 04:16:35.061221');
INSERT INTO `users` VALUES (22,'genaina@cic.unb.br','$2a$10$gZxk6htZXSE6oTMsCz7T..w8m9xf9X0Mwwlv5a3VZpzWQy8rDwZde',NULL,NULL,NULL,0,NULL,NULL,NULL,NULL,'2016-07-12 04:19:08.244787','2016-07-12 04:19:18.937526','zsjsXssnom8y6itz94gj','2016-07-12 04:19:18.935507','2016-07-12 04:19:08.245089');
INSERT INTO `users` VALUES (23,'teodoro@cic.unb.br','$2a$10$GH8UEKtr6AV0vBqvKaFU6OZFqlbhvoA.dowrTtsNueMwGbqmvC3Pm',NULL,NULL,NULL,0,NULL,NULL,NULL,NULL,'2016-07-12 04:20:32.944054','2016-07-12 04:20:53.746144','z332tXruWQbB2jq2Jbzt','2016-07-12 04:20:53.745471','2016-07-12 04:20:32.944380');
INSERT INTO `users` VALUES (24,'gmnobrega@cic.unb.br','$2a$10$1OHfTAg5VhNtOWGbT2syNeWelHqIAyJDlMmg3O94bNavPOf2ViVNi',NULL,NULL,NULL,0,NULL,NULL,NULL,NULL,'2016-07-12 04:22:15.704023','2016-07-12 04:22:24.430360','rHiz5aZz_p4j5LcS5PxF','2016-07-12 04:22:24.428464','2016-07-12 04:22:15.704308');
INSERT INTO `users` VALUES (25,'gnramos@unb.br','$2a$10$DlSQzr0MSZSSDrZ11B5/uuHoZlYgAIRJgHhs1fBmnXw268PsJ1KHy',NULL,NULL,NULL,0,NULL,NULL,NULL,NULL,'2016-07-12 04:23:24.704883','2016-07-12 04:23:32.488203','B99Wq_bjSqzWV_QDe6o4','2016-07-12 04:23:32.487282','2016-07-12 04:23:24.705996');
INSERT INTO `users` VALUES (26,'bordim@cic.unb.br','$2a$10$P45Gzx39qR99MZalb.i2hulVDYbq4zpFYgwZtfNABSfHiwI5guoY2',NULL,NULL,NULL,0,NULL,NULL,NULL,NULL,'2016-07-12 04:24:28.188267','2016-07-12 04:24:47.781151','eo6yisGysUnxPGydfPrv','2016-07-12 04:24:47.780304','2016-07-12 04:24:28.188554');
INSERT INTO `users` VALUES (27,'jan@cic.unb.br','$2a$10$UBjZeheH/CBS2iEPJhiATubrrzd9eHC3uaHo5aUz1OmtzOAolIbRm',NULL,NULL,NULL,0,NULL,NULL,NULL,NULL,'2016-07-12 04:26:50.483817','2016-07-12 04:26:58.485898','GeMMamw8iAqzjx54Ctys','2016-07-12 04:26:58.484650','2016-07-12 04:26:50.484098');
INSERT INTO `users` VALUES (28,'gondim@cic.unb.br','$2a$10$salmT6ovPAPvLlM87U8JZeoIsCsEm374U7Q944F3bkwyYOPZoqcmS',NULL,NULL,NULL,0,NULL,NULL,NULL,NULL,'2016-07-12 04:29:07.692189','2016-07-12 04:29:15.737892','mQHkLkjvS1ncQYoDeSxx','2016-07-12 04:29:15.736108','2016-07-12 04:29:07.692510');
INSERT INTO `users` VALUES (29,'lucero@unb.br','$2a$10$rT90Yic.xuIF0gxJ7yILZeKxwstHANfE7is.qlIND04lsAbqbftSe',NULL,NULL,NULL,0,NULL,NULL,NULL,NULL,'2016-07-12 04:29:46.909743','2016-07-12 04:30:01.639747','hvyThxs9c4nUC8cL1byz','2016-07-12 04:30:01.639148','2016-07-12 04:29:46.910043');
INSERT INTO `users` VALUES (30,'weigang@cic.unb.br','$2a$10$ABNVX4j7a3onEUpb1s9g3ePmi9muZsitHA9X2TiTTxZUSV7jU/PRW',NULL,NULL,NULL,0,NULL,NULL,NULL,NULL,'2016-07-12 04:30:47.559260','2016-07-12 04:30:56.895601','_D-Pyphin52Xt5Zte2u5','2016-07-12 04:30:56.894343','2016-07-12 04:30:47.559640');
INSERT INTO `users` VALUES (31,'mladeira@unb.br','$2a$10$zTGKsqZt13hzl8/vcgnRp.wWvpqIT2b5YxVXB662pUiMtUP4tC9bi',NULL,NULL,NULL,0,NULL,NULL,NULL,NULL,'2016-07-12 04:31:44.720425','2016-07-12 04:31:51.907885','DADkPU_x-HrD_vhJQySK','2016-07-12 04:31:51.907077','2016-07-12 04:31:44.720803');
INSERT INTO `users` VALUES (32,'caetano@cic.unb.br','$2a$10$C6IHbDmKgZCoUxul.pwW6.VmcPMreVsJmetV7pYMwnoLq8K6gQ30i',NULL,NULL,NULL,0,NULL,NULL,NULL,NULL,'2016-07-12 04:32:57.682783','2016-07-12 04:33:30.850426','5i9vXaSsGHT-ys-xBY8H','2016-07-12 04:33:30.849690','2016-07-12 04:32:57.683191');
INSERT INTO `users` VALUES (33,'lamar@unb.br','$2a$10$bW7I89VpEPCo7/31P54vXO2Qvz2H3uFYCPnVv5ijIZj/J8ddhZ1M6',NULL,NULL,NULL,0,NULL,NULL,NULL,NULL,'2016-07-12 04:34:17.628942','2016-07-12 04:34:24.444719','PBpCa-WkBXbApQsYda2m','2016-07-12 04:34:24.442808','2016-07-12 04:34:17.629338');
INSERT INTO `users` VALUES (34,'fatimabrandao@unb.br','$2a$10$VYLG4CH8ZIcHyadAJ2CMrulpIH52v7vEMDX/5BZTU779ce0jkmWIe',NULL,NULL,NULL,0,NULL,NULL,NULL,NULL,'2016-07-12 04:35:12.327349','2016-07-12 04:35:22.130285','y89fFQXtb3E3jPCDoiXK','2016-07-12 04:35:22.128759','2016-07-12 04:35:12.327775');
INSERT INTO `users` VALUES (35,'mariaemilia@unb.br','$2a$10$fUsdyWolyGD67fMGC83P7.bPDnVa1dFOX4diLF/xPTUEdjmH/70ES',NULL,NULL,NULL,0,NULL,NULL,NULL,NULL,'2016-07-12 04:36:24.689949','2016-07-12 04:36:33.703063','M7_Pf-gp9xYeEoiDoNC4','2016-07-12 04:36:33.702414','2016-07-12 04:36:24.690564');
INSERT INTO `users` VALUES (36,'mholanda@cic.unb.br','$2a$10$ec58YKQomQaWT5L6X.HY.uyQ0LWINixRSoRUO8LJ5DHBRsKvx8z1a',NULL,NULL,NULL,0,NULL,NULL,NULL,NULL,'2016-07-12 04:37:20.005426','2016-07-12 04:37:32.117910','PFVyxMH6Cmq7tWB_3M26','2016-07-12 04:37:32.117221','2016-07-12 04:37:20.005777');
INSERT INTO `users` VALUES (37,'ayala@cic.unb.br','$2a$10$WvSF1aciFH6xNlMzJRiTjOlbRvh8UritXxpzuM1kvTSwkXxdOOYi2',NULL,NULL,NULL,0,NULL,NULL,NULL,NULL,'2016-07-12 04:39:05.542966','2016-07-12 04:39:18.078282','ibVkZswG3Lw7dxg1yNDU','2016-07-12 04:39:18.077620','2016-07-12 04:39:05.543252');
INSERT INTO `users` VALUES (38,'rezende@cic.unb.br','$2a$10$lWB3hsGxdoTZMgzu0uXTh.tY1PPqGdwENgCzdSUu4OC4K6L.s9nGm',NULL,NULL,NULL,0,NULL,NULL,NULL,NULL,'2016-07-12 04:40:06.857126','2016-07-12 04:40:18.996168','seVzVKVXiNvJq6SevMPS','2016-07-12 04:40:18.995374','2016-07-12 04:40:06.857501');
INSERT INTO `users` VALUES (39,'berger@cic.unb.br','$2a$10$8H5iFof9grCmMldf1B73Ku1KYflA.gjytAlzBt/YZviLkrWaMCnb2',NULL,NULL,NULL,0,NULL,NULL,NULL,NULL,'2016-07-12 04:45:34.821299','2016-07-12 04:45:45.529513','jyQE2Xqtkx4xxVq__JHJ','2016-07-12 04:45:45.528855','2016-07-12 04:45:34.821667');
INSERT INTO `users` VALUES (40,'pris@cic.unb.br','$2a$10$Dm7upbWBQvMqL4x0J4/ZUu/yePqjdp0FnL9bvBGFUNDaohfbn6WIm',NULL,NULL,NULL,0,NULL,NULL,NULL,NULL,'2016-07-12 04:46:39.065787','2016-07-12 04:47:01.425308','AEajR2s9qafsUe96t9Dh','2016-07-12 04:47:01.424612','2016-07-12 04:46:39.066112');
INSERT INTO `users` VALUES (41,'queiroz@ieee.org','$2a$10$4Wc0yzeFajGIeQvexNPWnOoulwl9L807F8IwLvtJ9nYHuJUPfA562',NULL,NULL,NULL,0,NULL,NULL,NULL,NULL,'2016-07-12 04:48:50.527612','2016-07-12 04:49:00.526107','UGdxgvNhzdx-NtVJYDpB','2016-07-12 04:49:00.525416','2016-07-12 04:48:50.528260');
INSERT INTO `users` VALUES (42,'rjacobi@cic.unb.br','$2a$10$lvxDKt3YuT7Z0QSPbfWfbuP0AOmjoDBF6H1jJxDcKLU1tu3R.55jW',NULL,NULL,NULL,0,NULL,NULL,NULL,NULL,'2016-07-12 04:49:29.782639','2016-07-12 04:49:37.436153','ixFkUojooc6-GxAx-2UW','2016-07-12 04:49:37.435010','2016-07-12 04:49:29.783029');
INSERT INTO `users` VALUES (43,'rbonifacio@cic.unb.br','$2a$10$TBFq6mFL2SalDkCB3CjUwu9j/SHmiArIs4n4vVuvLP6Ca3VA1szZW',NULL,NULL,NULL,0,NULL,NULL,NULL,NULL,'2016-07-12 04:50:26.691112','2016-07-12 04:50:34.468019','AgooLhxE8EKg3zoLQBEy','2016-07-12 04:50:34.467224','2016-07-12 04:50:26.691458');
INSERT INTO `users` VALUES (44,'valves@unb.br','$2a$10$BvKGEmcbND5n9X63rKW25u4dxZzy4C5JWKQBCUxCh578AMj8EJpnK',NULL,NULL,NULL,0,NULL,NULL,NULL,NULL,'2016-07-12 04:51:01.730263','2016-07-12 04:51:09.672670','1sS6z1V69LpqBUbFVsZa','2016-07-12 04:51:09.671765','2016-07-12 04:51:01.730971');
INSERT INTO `users` VALUES (45,'wilsonhe@unb.br','$2a$10$/o7/qlrgNWQEA.IWfUEpbOpiSBNCq0Wp0djnBE/l1w7ndFQcPcMKC',NULL,NULL,NULL,0,NULL,NULL,NULL,NULL,'2016-07-12 04:51:36.167420','2016-07-12 04:51:47.661824','CvysyzB9zhGDnzJSxk9T','2016-07-12 04:51:47.660993','2016-07-12 04:51:36.167775');
INSERT INTO `users` VALUES (46,'ecosta@unb.br','$2a$10$gT1sAiu7KlcuMIeVkTh78..RQkUOoYfoicAnGEONDkNMAWrEqxPtS',NULL,NULL,NULL,0,NULL,NULL,NULL,NULL,'2016-07-12 04:53:07.981163','2016-07-12 04:53:16.907603','dGPAYKMK95x9yrRPsmkD','2016-07-12 04:53:16.906980','2016-07-12 04:53:07.981506');
INSERT INTO `users` VALUES (48,'100010610@aluno.unb.br','$2a$10$T1/3al7QB6/6x2.nBZ/myONFU6lI7Z6Ga3Ug5KJAk/Emczmg3FBH.',NULL,NULL,NULL,4,'2016-07-13 12:38:02.728569','2016-07-13 12:29:07.274152','127.0.0.1','127.0.0.1','2016-07-12 05:01:32.578027','2016-07-13 12:38:02.729345','2KzH5zW3qMR-qekC5voA','2016-07-12 05:01:41.519573','2016-07-12 05:01:32.578410');
INSERT INTO `users` VALUES (49,'140161317@aluno.unb.br','$2a$10$YqKLOyGtPiPBjq.AIgi5GOvJe4QvPObbzFonTA.ZJTQ4LY5TH/FH6',NULL,NULL,NULL,0,NULL,NULL,NULL,NULL,'2016-07-12 05:02:49.705776','2016-07-12 05:03:09.366167','Z1a2asbuTSYyTBbwTvah','2016-07-12 05:03:09.364414','2016-07-12 05:02:49.706069');
INSERT INTO `users` VALUES (50,'140134573@aluno.unb.br','$2a$10$hlJZqSg5OSMM9jqJGPxhqu.AdTZ89v6TcnMxNV3/4R3.PfHODBuS2',NULL,NULL,NULL,0,NULL,NULL,NULL,NULL,'2016-07-12 05:04:43.180784','2016-07-12 05:04:50.956670','eTN1mKAUJzwxNdThzDFr','2016-07-12 05:04:50.955914','2016-07-12 05:04:43.181132');
INSERT INTO `users` VALUES (51,'130143081@aluno.unb.br','$2a$10$XmJnHVkGJ6W3SgOw1ILNEeeRhgUsJSCAQ9LdWLbvzPloLGdTulw72','230abf9556f533dcb60f042b7b30d6a1e1fc76a4f93d33f1dca5493ce2a1b643','2016-07-13 03:20:09.713969',NULL,6,'2016-07-13 08:33:54.209197','2016-07-13 05:46:35.704743','::1','::1','2016-07-12 05:05:37.041961','2016-07-13 08:33:54.210694','cTWJDRGsP3Cbx8LAiDyK','2016-07-12 05:05:48.679391','2016-07-12 05:05:37.042227');
INSERT INTO `users` VALUES (52,'140158203@aluno.unb.br','$2a$10$zRBHcAJV60f0qi4HN5LffuX0rtbEj9hclq0Kn3TW.yvLsdpNGBJci',NULL,NULL,NULL,0,NULL,NULL,NULL,NULL,'2016-07-12 05:06:22.449555','2016-07-12 05:06:37.613606','8M77n-cWYazQZ_Va2yfZ','2016-07-12 05:06:37.612855','2016-07-12 05:06:22.449856');
INSERT INTO `users` VALUES (54,'marcosgois@aluno.unb.br','$2a$10$eEiI26tSbGjN.kOH/O7Rw.wO.0jakVtJW5Pq/49LXTdIESeTqO1mG',NULL,NULL,NULL,0,NULL,NULL,NULL,NULL,'2016-07-13 02:56:31.339751','2016-07-13 02:56:31.339751','JxijJJLh525eHqY5Zu3H',NULL,'2016-07-13 02:56:31.340236');
INSERT INTO `users` VALUES (56,'unbmonitoria@gmail.com','$2a$10$8OUbLcIusNT0WAYGjSgu1Ohc7LBG6jF1hGdyTDsA1KRk5cJXj7fmC',NULL,NULL,NULL,3,'2016-07-13 14:03:17.742578','2016-07-13 12:58:04.022378','127.0.0.1','127.0.0.1','2016-07-13 12:40:17.466152','2016-07-13 14:03:17.743727','_BKG4F5YnHNfdiPNdtCQ','2016-07-13 12:40:40.966610','2016-07-13 12:40:17.466532');
INSERT INTO `users` VALUES (58,'100111483@aluno.unb.br','$2a$10$.rXVBiTuGHj0ThfjbWT6aOVtUQTp6BxoGyQT98fH8OxZzJzqtNKqS',NULL,NULL,NULL,3,'2016-07-15 04:09:50.530759','2016-07-15 03:25:37.745727','127.0.0.1','127.0.0.1','2016-07-15 03:12:38.530039','2016-07-15 04:09:50.531656','ahyupt52z3CK4_ozmszN','2016-07-15 03:12:56.617947','2016-07-15 03:12:38.531208');
CREATE TABLE "turmas" ("id" INTEGER PRIMARY KEY AUTOINCREMENT NOT NULL, "nome" varchar, "disciplina_id" integer, "QtdeAlunos" integer, "obrigatoria" integer);
INSERT INTO `turmas` VALUES (1,'A',1,38,1);
INSERT INTO `turmas` VALUES (2,'B',1,39,1);
INSERT INTO `turmas` VALUES (3,'C',1,38,1);
INSERT INTO `turmas` VALUES (4,'D',1,37,0);
INSERT INTO `turmas` VALUES (5,'E',1,41,1);
INSERT INTO `turmas` VALUES (6,'F',1,36,0);
INSERT INTO `turmas` VALUES (7,'G',1,25,0);
INSERT INTO `turmas` VALUES (8,'H',1,28,1);
INSERT INTO `turmas` VALUES (9,'A',2,19,1);
INSERT INTO `turmas` VALUES (10,'A',3,35,1);
INSERT INTO `turmas` VALUES (11,'A',4,23,1);
INSERT INTO `turmas` VALUES (12,'B',4,26,1);
INSERT INTO `turmas` VALUES (13,'A',5,30,1);
INSERT INTO `turmas` VALUES (14,'B',5,28,1);
INSERT INTO `turmas` VALUES (15,'C',5,25,1);
INSERT INTO `turmas` VALUES (16,'D',5,28,1);
INSERT INTO `turmas` VALUES (17,'A',6,14,1);
INSERT INTO `turmas` VALUES (18,'B',6,18,1);
INSERT INTO `turmas` VALUES (19,'B',7,3,0);
INSERT INTO `turmas` VALUES (20,'C',7,1,0);
INSERT INTO `turmas` VALUES (21,'D',7,2,0);
INSERT INTO `turmas` VALUES (22,'A',8,18,0);
INSERT INTO `turmas` VALUES (23,'A',9,13,0);
INSERT INTO `turmas` VALUES (24,'A',10,39,1);
INSERT INTO `turmas` VALUES (25,'B',10,37,1);
INSERT INTO `turmas` VALUES (26,'C',10,33,1);
INSERT INTO `turmas` VALUES (27,'E',10,26,1);
INSERT INTO `turmas` VALUES (28,'F',10,26,0);
INSERT INTO `turmas` VALUES (29,'B',11,1,0);
INSERT INTO `turmas` VALUES (30,'E',11,1,0);
INSERT INTO `turmas` VALUES (31,'GG',11,1,0);
INSERT INTO `turmas` VALUES (32,'I',11,4,0);
INSERT INTO `turmas` VALUES (33,'J',11,1,0);
INSERT INTO `turmas` VALUES (34,'NN',11,2,0);
INSERT INTO `turmas` VALUES (35,'P',11,1,0);
INSERT INTO `turmas` VALUES (36,'S',11,1,0);
INSERT INTO `turmas` VALUES (37,'A',12,3,0);
INSERT INTO `turmas` VALUES (38,'B',12,1,0);
INSERT INTO `turmas` VALUES (39,'C',12,2,0);
INSERT INTO `turmas` VALUES (40,'CC',12,2,0);
INSERT INTO `turmas` VALUES (41,'E',12,1,0);
INSERT INTO `turmas` VALUES (42,'J',12,1,0);
INSERT INTO `turmas` VALUES (43,'K',12,5,0);
INSERT INTO `turmas` VALUES (44,'L',12,3,0);
INSERT INTO `turmas` VALUES (45,'T',12,1,0);
INSERT INTO `turmas` VALUES (46,'U',12,6,0);
INSERT INTO `turmas` VALUES (47,'X',12,1,0);
INSERT INTO `turmas` VALUES (48,'B',13,1,0);
INSERT INTO `turmas` VALUES (49,'D',13,2,0);
INSERT INTO `turmas` VALUES (50,'DD',13,1,0);
INSERT INTO `turmas` VALUES (51,'II',13,1,0);
INSERT INTO `turmas` VALUES (52,'O',13,4,0);
INSERT INTO `turmas` VALUES (53,'Y',13,3,0);
INSERT INTO `turmas` VALUES (54,'AA',14,2,0);
INSERT INTO `turmas` VALUES (55,'BB',14,2,0);
INSERT INTO `turmas` VALUES (56,'DD',14,1,0);
INSERT INTO `turmas` VALUES (57,'E',14,2,0);
INSERT INTO `turmas` VALUES (58,'EE',14,2,0);
INSERT INTO `turmas` VALUES (59,'FF',14,2,0);
INSERT INTO `turmas` VALUES (60,'H',14,3,0);
INSERT INTO `turmas` VALUES (61,'HH',14,2,0);
INSERT INTO `turmas` VALUES (62,'LL',14,2,0);
INSERT INTO `turmas` VALUES (63,'O',14,4,0);
INSERT INTO `turmas` VALUES (64,'V',14,1,0);
INSERT INTO `turmas` VALUES (65,'X',14,2,0);
INSERT INTO `turmas` VALUES (66,'ZZ',14,1,0);
INSERT INTO `turmas` VALUES (67,'A',15,50,1);
INSERT INTO `turmas` VALUES (68,'A',16,54,1);
INSERT INTO `turmas` VALUES (69,'B',16,51,1);
INSERT INTO `turmas` VALUES (70,'A',17,11,0);
INSERT INTO `turmas` VALUES (71,'A',18,38,1);
INSERT INTO `turmas` VALUES (72,'B',18,46,1);
INSERT INTO `turmas` VALUES (73,'A',19,26,1);
INSERT INTO `turmas` VALUES (74,'B',19,19,1);
INSERT INTO `turmas` VALUES (75,'C',19,25,1);
INSERT INTO `turmas` VALUES (76,'D',19,26,1);
INSERT INTO `turmas` VALUES (77,'E',19,18,1);
INSERT INTO `turmas` VALUES (78,'F',19,23,1);
INSERT INTO `turmas` VALUES (79,'G',19,26,1);
INSERT INTO `turmas` VALUES (80,'H',19,22,1);
INSERT INTO `turmas` VALUES (81,'I',19,21,1);
INSERT INTO `turmas` VALUES (82,'J',19,23,1);
INSERT INTO `turmas` VALUES (83,'K',19,24,1);
INSERT INTO `turmas` VALUES (84,'L',19,25,1);
INSERT INTO `turmas` VALUES (85,'M',19,24,1);
INSERT INTO `turmas` VALUES (86,'N',19,22,1);
INSERT INTO `turmas` VALUES (87,'A',20,16,0);
INSERT INTO `turmas` VALUES (88,'A',21,48,1);
INSERT INTO `turmas` VALUES (89,'I',22,43,1);
INSERT INTO `turmas` VALUES (90,'A',23,17,0);
INSERT INTO `turmas` VALUES (91,'A',24,14,0);
INSERT INTO `turmas` VALUES (92,'A',25,26,1);
INSERT INTO `turmas` VALUES (93,'A',26,50,1);
INSERT INTO `turmas` VALUES (94,'A',27,38,1);
INSERT INTO `turmas` VALUES (95,'B',27,38,1);
INSERT INTO `turmas` VALUES (96,'A',28,29,1);
INSERT INTO `turmas` VALUES (97,'B',28,18,1);
INSERT INTO `turmas` VALUES (98,'D',28,29,0);
INSERT INTO `turmas` VALUES (99,'A',29,26,1);
INSERT INTO `turmas` VALUES (100,'A',30,19,0);
INSERT INTO `turmas` VALUES (101,'A',31,22,1);
INSERT INTO `turmas` VALUES (102,'A',32,25,1);
INSERT INTO `turmas` VALUES (103,'B',32,33,1);
INSERT INTO `turmas` VALUES (104,'C',32,21,1);
INSERT INTO `turmas` VALUES (105,'A',33,30,1);
INSERT INTO `turmas` VALUES (106,'B',33,24,1);
INSERT INTO `turmas` VALUES (107,'C',33,34,1);
INSERT INTO `turmas` VALUES (108,'A',34,13,0);
INSERT INTO `turmas` VALUES (109,'A',35,32,1);
INSERT INTO `turmas` VALUES (110,'A',36,1,0);
INSERT INTO `turmas` VALUES (111,'B',37,35,1);
INSERT INTO `turmas` VALUES (112,'A',38,31,1);
INSERT INTO `turmas` VALUES (113,'B',39,3,0);
INSERT INTO `turmas` VALUES (114,'A',40,11,1);
INSERT INTO `turmas` VALUES (115,'B',40,9,1);
INSERT INTO `turmas` VALUES (116,'EE',41,1,0);
INSERT INTO `turmas` VALUES (117,'FF',41,1,0);
INSERT INTO `turmas` VALUES (118,'H',41,3,0);
INSERT INTO `turmas` VALUES (119,'HH',41,3,0);
INSERT INTO `turmas` VALUES (120,'J',41,1,0);
INSERT INTO `turmas` VALUES (121,'JJ',41,1,0);
INSERT INTO `turmas` VALUES (122,'K',41,1,0);
INSERT INTO `turmas` VALUES (123,'KK',41,1,0);
INSERT INTO `turmas` VALUES (124,'L',41,3,0);
INSERT INTO `turmas` VALUES (125,'OO',41,1,0);
INSERT INTO `turmas` VALUES (126,'S',41,3,0);
INSERT INTO `turmas` VALUES (127,'XX',41,1,0);
INSERT INTO `turmas` VALUES (128,'Z',41,1,0);
INSERT INTO `turmas` VALUES (129,'A',42,27,1);
INSERT INTO `turmas` VALUES (130,'A',43,2,0);
INSERT INTO `turmas` VALUES (131,'B',43,2,0);
INSERT INTO `turmas` VALUES (132,'C',43,2,0);
INSERT INTO `turmas` VALUES (133,'D',43,1,0);
INSERT INTO `turmas` VALUES (134,'E',43,1,0);
INSERT INTO `turmas` VALUES (135,'F',43,2,0);
INSERT INTO `turmas` VALUES (136,'I',43,1,0);
INSERT INTO `turmas` VALUES (137,'K',43,1,0);
INSERT INTO `turmas` VALUES (138,'M',43,1,0);
INSERT INTO `turmas` VALUES (139,'N',43,4,0);
INSERT INTO `turmas` VALUES (140,'O',43,1,0);
INSERT INTO `turmas` VALUES (141,'A',44,1,0);
INSERT INTO `turmas` VALUES (142,'B',44,1,0);
INSERT INTO `turmas` VALUES (143,'C',44,1,0);
INSERT INTO `turmas` VALUES (144,'D',44,2,0);
INSERT INTO `turmas` VALUES (145,'E',44,2,0);
INSERT INTO `turmas` VALUES (146,'F',44,3,0);
INSERT INTO `turmas` VALUES (147,'G',44,1,0);
INSERT INTO `turmas` VALUES (148,'H',44,1,0);
INSERT INTO `turmas` VALUES (149,'J',44,1,0);
INSERT INTO `turmas` VALUES (150,'M',44,1,0);
INSERT INTO `turmas` VALUES (151,'A',45,15,1);
INSERT INTO `turmas` VALUES (152,'A',46,19,0);
INSERT INTO `turmas` VALUES (153,'A',47,37,1);
INSERT INTO `turmas` VALUES (154,'A',48,23,1);
INSERT INTO `turmas` VALUES (155,'B',48,19,1);
INSERT INTO `turmas` VALUES (156,'A',49,32,1);
INSERT INTO `turmas` VALUES (157,'A',50,24,1);
INSERT INTO `turmas` VALUES (158,'B',50,39,1);
INSERT INTO `turmas` VALUES (159,'B',51,3,0);
INSERT INTO `turmas` VALUES (160,'C',51,1,0);
INSERT INTO `turmas` VALUES (161,'D',51,2,0);
INSERT INTO `turmas` VALUES (162,'A',52,44,1);
INSERT INTO `turmas` VALUES (163,'A',53,15,1);
INSERT INTO `turmas` VALUES (164,'A',54,24,1);
INSERT INTO `turmas` VALUES (165,'B',55,15,0);
INSERT INTO `turmas` VALUES (166,'B',56,2,0);
INSERT INTO `turmas` VALUES (167,'A',57,5,0);
INSERT INTO `turmas` VALUES (168,'B',57,1,0);
INSERT INTO `turmas` VALUES (169,'E',57,25,0);
INSERT INTO `turmas` VALUES (170,'H',57,11,0);
INSERT INTO `turmas` VALUES (171,'I',57,2,0);
INSERT INTO `turmas` VALUES (172,'J',57,1,0);
INSERT INTO `turmas` VALUES (173,'N',57,8,0);
INSERT INTO `turmas` VALUES (174,'P',57,4,0);
INSERT INTO `turmas` VALUES (175,'Q',57,7,0);
INSERT INTO `turmas` VALUES (176,'A',58,2,0);
INSERT INTO `turmas` VALUES (177,'C',58,1,0);
INSERT INTO `turmas` VALUES (178,'D',58,1,0);
INSERT INTO `turmas` VALUES (179,'A',59,6,1);
INSERT INTO `turmas` VALUES (180,'B',59,20,1);
INSERT INTO `turmas` VALUES (181,'AA',60,2,0);
INSERT INTO `turmas` VALUES (182,'C',60,1,0);
INSERT INTO `turmas` VALUES (183,'D',60,1,0);
INSERT INTO `turmas` VALUES (184,'DD',60,2,0);
INSERT INTO `turmas` VALUES (185,'G',60,1,0);
INSERT INTO `turmas` VALUES (186,'I',60,2,0);
INSERT INTO `turmas` VALUES (187,'II',60,1,0);
INSERT INTO `turmas` VALUES (188,'MM',60,5,0);
INSERT INTO `turmas` VALUES (189,'NN',60,2,0);
INSERT INTO `turmas` VALUES (190,'U',60,1,0);
INSERT INTO `turmas` VALUES (191,'VV',60,1,0);
INSERT INTO `turmas` VALUES (192,'W',60,1,0);
INSERT INTO `turmas` VALUES (193,'WW',60,3,0);
INSERT INTO `turmas` VALUES (194,'X',60,0,0);
INSERT INTO `turmas` VALUES (195,'A',61,31,1);
INSERT INTO `turmas` VALUES (196,'A',62,37,1);
CREATE TABLE "total_de_bolsas" ("id" INTEGER PRIMARY KEY AUTOINCREMENT NOT NULL, "QTE" integer, "QTE_alocadas" integer);
INSERT INTO `total_de_bolsas` VALUES (1,4,0);
CREATE TABLE "schema_migrations" ("version" varchar NOT NULL);
INSERT INTO `schema_migrations` VALUES ('20160409010228');
INSERT INTO `schema_migrations` VALUES ('20160409015547');
INSERT INTO `schema_migrations` VALUES ('20160417161628');
INSERT INTO `schema_migrations` VALUES ('20160419181652');
INSERT INTO `schema_migrations` VALUES ('20160419181729');
INSERT INTO `schema_migrations` VALUES ('20160419181907');
INSERT INTO `schema_migrations` VALUES ('20160419181938');
INSERT INTO `schema_migrations` VALUES ('20160419182125');
INSERT INTO `schema_migrations` VALUES ('20160512021203');
INSERT INTO `schema_migrations` VALUES ('20160512041736');
INSERT INTO `schema_migrations` VALUES ('20160512041843');
INSERT INTO `schema_migrations` VALUES ('20160606163605');
INSERT INTO `schema_migrations` VALUES ('20160609035141');
INSERT INTO `schema_migrations` VALUES ('20160609035234');
INSERT INTO `schema_migrations` VALUES ('20160609043524');
INSERT INTO `schema_migrations` VALUES ('20160627012808');
INSERT INTO `schema_migrations` VALUES ('20160627013426');
INSERT INTO `schema_migrations` VALUES ('20160705181903');
INSERT INTO `schema_migrations` VALUES ('20160712164626');
INSERT INTO `schema_migrations` VALUES ('20160712195902');
CREATE TABLE "professors" ("id" INTEGER PRIMARY KEY AUTOINCREMENT NOT NULL, "nome" varchar, "matricula" integer, "email" varchar DEFAULT '' NOT NULL, "encrypted_password" varchar DEFAULT '' NOT NULL, "reset_password_token" varchar, "reset_password_sent_at" datetime, "remember_created_at" datetime, "sign_in_count" integer DEFAULT 0 NOT NULL, "current_sign_in_at" datetime, "last_sign_in_at" datetime, "current_sign_in_ip" varchar, "last_sign_in_ip" varchar);
CREATE TABLE "horarios" ("id" INTEGER PRIMARY KEY AUTOINCREMENT NOT NULL, "nome" varchar, "turma_id" integer);
INSERT INTO `horarios` VALUES (1,'SEG 16:00 - 17:50 PAT AT 117',1);
INSERT INTO `horarios` VALUES (2,'TER 16:00 - 17:50 PJC BT 093',1);
INSERT INTO `horarios` VALUES (3,'QUI 16:00 - 17:50 PJC BT 093',1);
INSERT INTO `horarios` VALUES (4,'TER 19:00 - 20:40 PJC BT 044',2);
INSERT INTO `horarios` VALUES (5,'QUA 19:00 - 20:40 PJC BT 117',2);
INSERT INTO `horarios` VALUES (6,'QUI 19:00 - 20:40 PJC BT 069',2);
INSERT INTO `horarios` VALUES (7,'SEG 08:00 - 09:50 PAT AT 092',3);
INSERT INTO `horarios` VALUES (8,'TER 08:00 - 09:50 PAT AT 092',3);
INSERT INTO `horarios` VALUES (9,'QUI 08:00 - 09:50 PAT AT 092',3);
INSERT INTO `horarios` VALUES (10,'SEG 14:00 - 15:50 PJC BT 108',4);
INSERT INTO `horarios` VALUES (11,'QUA 10:00 - 11:50 PJC BT 036',4);
INSERT INTO `horarios` VALUES (12,'SEX 10:00 - 11:50 PJC BT 036',4);
INSERT INTO `horarios` VALUES (13,'SEG 14:00 - 15:50 PAT AT 117',5);
INSERT INTO `horarios` VALUES (14,'QUA 14:00 - 15:50 PAT AT 117',5);
INSERT INTO `horarios` VALUES (15,'SEX 14:00 - 15:50 PAT AT 117',5);
INSERT INTO `horarios` VALUES (16,'SEG 16:00 - 17:50 PJC BT 140',6);
INSERT INTO `horarios` VALUES (17,'QUA 08:00 - 09:50 PJC BT 020',6);
INSERT INTO `horarios` VALUES (18,'SEX 08:00 - 09:50 PJC BT 021',6);
INSERT INTO `horarios` VALUES (19,'TER 14:00 - 15:50 PJC BT 140',7);
INSERT INTO `horarios` VALUES (20,'QUA 14:00 - 15:50 PJC BT 108',7);
INSERT INTO `horarios` VALUES (21,'QUI 14:00 - 15:50 PJC BT 140',7);
INSERT INTO `horarios` VALUES (22,'TER 19:00 - 20:50 PAT AT 100',8);
INSERT INTO `horarios` VALUES (23,'QUA 19:00 - 20:50 PAT AT 044',8);
INSERT INTO `horarios` VALUES (24,'QUI 19:00 - 20:50 PAT AT 100',8);
INSERT INTO `horarios` VALUES (25,'TER 19:00 - 20:40 PAT AT 013',9);
INSERT INTO `horarios` VALUES (26,'QUI 19:00 - 20:40 PAT AT 013',9);
INSERT INTO `horarios` VALUES (27,'SEG 16:00 - 17:50 PJC BT 108',10);
INSERT INTO `horarios` VALUES (28,'QUA 16:00 - 17:50 PJC BT 108',10);
INSERT INTO `horarios` VALUES (29,'QUI 16:00 - 17:50 PJC BT 108',10);
INSERT INTO `horarios` VALUES (30,'TER 14:00 - 15:50 PJC BT 125',11);
INSERT INTO `horarios` VALUES (31,'QUI 14:00 - 15:50 PJC BT 125',11);
INSERT INTO `horarios` VALUES (32,'SEG 19:00 - 20:40 PAT AT 045',12);
INSERT INTO `horarios` VALUES (33,'QUA 19:00 - 20:40 PAT AT 045',12);
INSERT INTO `horarios` VALUES (34,'TER 08:00 - 09:50 PAT AT 142/156',13);
INSERT INTO `horarios` VALUES (35,'QUI 08:00 - 09:50 PAT AT 142/156',13);
INSERT INTO `horarios` VALUES (36,'SEX 14:00 - 15:50 LINF. 1',13);
INSERT INTO `horarios` VALUES (37,'TER 08:00 - 09:50 PAT AT 142/156',14);
INSERT INTO `horarios` VALUES (38,'QUI 16:00 - 17:50 LINF. 1',14);
INSERT INTO `horarios` VALUES (39,'TER 08:00 - 09:50 PAT AT 142/156',15);
INSERT INTO `horarios` VALUES (40,'QUI 08:00 - 09:50 PAT AT 142/156',15);
INSERT INTO `horarios` VALUES (41,'SEX 10:00 - 11:50 LINF. 1',15);
INSERT INTO `horarios` VALUES (42,'TER 08:00 - 09:50 PAT AT 142/156',16);
INSERT INTO `horarios` VALUES (43,'QUI 08:00 - 09:50 PAT AT 142/156',16);
INSERT INTO `horarios` VALUES (44,'SEX 08:00 - 09:50 LINF. 1',16);
INSERT INTO `horarios` VALUES (45,'TER 08:00 - 09:50 PAT AT 052',17);
INSERT INTO `horarios` VALUES (46,'QUI 08:00 - 09:50 PAT AT 052',17);
INSERT INTO `horarios` VALUES (47,'SEG 20:50 - 22:30 PAT AT 020',18);
INSERT INTO `horarios` VALUES (48,'QUA 20:50 - 22:30 PAT AT 020',18);
INSERT INTO `horarios` VALUES (49,'TER 08:00 - 09:50 Local a Designar',19);
INSERT INTO `horarios` VALUES (50,'SAB 16:00 - 17:50 Local a Designar',19);
INSERT INTO `horarios` VALUES (51,'SEG 12:00 - 13:50 Local a Designar',20);
INSERT INTO `horarios` VALUES (52,'TER 12:00 - 13:50 Local a Designar',20);
INSERT INTO `horarios` VALUES (53,'QUA 12:00 - 13:50 Local a Designar',20);
INSERT INTO `horarios` VALUES (54,'SEG 12:00 - 13:50 Local a Designar',21);
INSERT INTO `horarios` VALUES (55,'TER 12:00 - 13:50 Local a Designar',21);
INSERT INTO `horarios` VALUES (56,'QUA 12:00 - 13:50 Local a Designar',21);
INSERT INTO `horarios` VALUES (57,'SEG 12:00 - 13:50 Local a Designar',22);
INSERT INTO `horarios` VALUES (58,'TER 12:00 - 13:50 Local a Designar',22);
INSERT INTO `horarios` VALUES (59,'QUA 12:00 - 13:50 Local a Designar',22);
INSERT INTO `horarios` VALUES (60,'QUI 12:00 - 13:50 Local a Designar',22);
INSERT INTO `horarios` VALUES (61,'SEX 12:00 - 13:50 Local a Designar',22);
INSERT INTO `horarios` VALUES (62,'SEG 12:00 - 13:50 Local a Designar',23);
INSERT INTO `horarios` VALUES (63,'TER 12:00 - 13:50 Local a Designar',23);
INSERT INTO `horarios` VALUES (64,'QUA 12:00 - 13:50 Local a Designar',23);
INSERT INTO `horarios` VALUES (65,'QUI 12:00 - 13:50 Local a Designar',23);
INSERT INTO `horarios` VALUES (66,'SEX 12:00 - 13:50 Local a Designar',23);
INSERT INTO `horarios` VALUES (67,'TER 10:00 - 11:50 PAT AT 133',24);
INSERT INTO `horarios` VALUES (68,'QUI 10:00 - 11:50 PAT AT 133',24);
INSERT INTO `horarios` VALUES (69,'TER 19:00 - 20:40 PJC BT 116',25);
INSERT INTO `horarios` VALUES (70,'QUI 19:00 - 20:40 PJC BT 116',25);
INSERT INTO `horarios` VALUES (71,'QUA 10:00 - 11:50 PAT AT 013',26);
INSERT INTO `horarios` VALUES (72,'SEX 10:00 - 11:50 PAT AT 013',26);
INSERT INTO `horarios` VALUES (73,'SEG 08:00 - 09:50 PAT AT 140',27);
INSERT INTO `horarios` VALUES (74,'QUA 08:00 - 09:50 PAT AT 140',27);
INSERT INTO `horarios` VALUES (75,'SEG 16:00 - 17:50 PJC BT 125',28);
INSERT INTO `horarios` VALUES (76,'QUA 16:00 - 17:50 PJC BT 125',28);
INSERT INTO `horarios` VALUES (77,'SEG 12:00 - 13:50 Local a Designar',29);
INSERT INTO `horarios` VALUES (78,'QUA 12:00 - 13:50 Local a Designar',29);
INSERT INTO `horarios` VALUES (79,'TER 12:00 - 13:50 Local a Designar',30);
INSERT INTO `horarios` VALUES (80,'QUI 12:00 - 13:50 Local a Designar',30);
INSERT INTO `horarios` VALUES (81,'TER 12:00 - 13:50 Local a Designar',31);
INSERT INTO `horarios` VALUES (82,'QUI 12:00 - 13:50 Local a Designar',31);
INSERT INTO `horarios` VALUES (83,'SEG 12:00 - 13:50 Local a Designar',32);
INSERT INTO `horarios` VALUES (84,'QUA 12:00 - 13:50 Local a Designar',32);
INSERT INTO `horarios` VALUES (85,'QUA 12:00 - 13:50 Local a Designar',33);
INSERT INTO `horarios` VALUES (86,'SEX 12:00 - 13:50 Local a Designar',33);
INSERT INTO `horarios` VALUES (87,'SEG 12:00 - 13:50 Local a Designar',34);
INSERT INTO `horarios` VALUES (88,'QUA 12:00 - 13:50 Local a Designar',34);
INSERT INTO `horarios` VALUES (89,'SEG 12:00 - 13:50 Local a Designar',35);
INSERT INTO `horarios` VALUES (90,'QUA 12:00 - 13:50 Local a Designar',35);
INSERT INTO `horarios` VALUES (91,'SEG 12:00 - 13:50 Local a Designar',36);
INSERT INTO `horarios` VALUES (92,'QUA 12:00 - 13:50 Local a Designar',36);
INSERT INTO `horarios` VALUES (93,'SEG 12:00 - 13:50 Local a Designar',37);
INSERT INTO `horarios` VALUES (94,'QUA 12:00 - 13:50 Local a Designar',37);
INSERT INTO `horarios` VALUES (95,'QUA 12:00 - 13:50 Local a Designar',38);
INSERT INTO `horarios` VALUES (96,'SEX 12:00 - 13:50 Local a Designar',38);
INSERT INTO `horarios` VALUES (97,'SEG 12:00 - 13:50 Local a Designar',39);
INSERT INTO `horarios` VALUES (98,'QUA 12:00 - 13:50 Local a Designar',39);
INSERT INTO `horarios` VALUES (99,'SEG 08:00 - 09:50 Local a Designar',40);
INSERT INTO `horarios` VALUES (100,'TER 08:00 - 09:50 Local a Designar',40);
INSERT INTO `horarios` VALUES (101,'SEG 12:00 - 13:50 Local a Designar',41);
INSERT INTO `horarios` VALUES (102,'QUA 12:00 - 13:50 Local a Designar',41);
INSERT INTO `horarios` VALUES (103,'SEG 12:00 - 13:50 Local a Designar',42);
INSERT INTO `horarios` VALUES (104,'QUA 12:00 - 13:50 Local a Designar',42);
INSERT INTO `horarios` VALUES (105,'SEG 12:00 - 13:50 Local a Designar',43);
INSERT INTO `horarios` VALUES (106,'QUA 12:00 - 13:50 Local a Designar',43);
INSERT INTO `horarios` VALUES (107,'SEG 12:00 - 13:50 Local a Designar',44);
INSERT INTO `horarios` VALUES (108,'QUA 12:00 - 13:50 Local a Designar',44);
INSERT INTO `horarios` VALUES (109,'SEG 12:00 - 13:50 Local a Designar',45);
INSERT INTO `horarios` VALUES (110,'QUA 12:00 - 13:50 Local a Designar',45);
INSERT INTO `horarios` VALUES (111,'SEG 12:00 - 13:50 Local a Designar',46);
INSERT INTO `horarios` VALUES (112,'QUA 12:00 - 13:50 Local a Designar',46);
INSERT INTO `horarios` VALUES (113,'SEG 12:00 - 13:50 Local a Designar',47);
INSERT INTO `horarios` VALUES (114,'QUA 12:00 - 13:50 Local a Designar',47);
INSERT INTO `horarios` VALUES (115,'TER 12:00 - 13:50 Local a Designar',48);
INSERT INTO `horarios` VALUES (116,'QUI 12:00 - 13:50 Local a Designar',48);
INSERT INTO `horarios` VALUES (117,'TER 12:00 - 13:50 Local a Designar',49);
INSERT INTO `horarios` VALUES (118,'QUI 12:00 - 13:50 Local a Designar',49);
INSERT INTO `horarios` VALUES (119,'SEG 12:00 - 13:50 Local a Designar',50);
INSERT INTO `horarios` VALUES (120,'QUA 12:00 - 13:50 Local a Designar',50);
INSERT INTO `horarios` VALUES (121,'TER 12:00 - 13:50 Local a Designar',51);
INSERT INTO `horarios` VALUES (122,'QUI 12:00 - 13:50 Local a Designar',51);
INSERT INTO `horarios` VALUES (123,'TER 12:00 - 13:50 Local a Designar',52);
INSERT INTO `horarios` VALUES (124,'QUI 12:00 - 13:50 Local a Designar',52);
INSERT INTO `horarios` VALUES (125,'TER 12:00 - 13:50 Local a Designar',53);
INSERT INTO `horarios` VALUES (126,'QUI 12:00 - 13:50 Local a Designar',53);
INSERT INTO `horarios` VALUES (127,'TER 12:00 - 13:50 Local a Designar',54);
INSERT INTO `horarios` VALUES (128,'QUI 12:00 - 13:50 Local a Designar',54);
INSERT INTO `horarios` VALUES (129,'TER 12:00 - 13:50 Local a Designar',55);
INSERT INTO `horarios` VALUES (130,'QUI 12:00 - 13:50 Local a Designar',55);
INSERT INTO `horarios` VALUES (131,'TER 12:00 - 13:50 Local a Designar',56);
INSERT INTO `horarios` VALUES (132,'QUI 12:00 - 13:50 Local a Designar',56);
INSERT INTO `horarios` VALUES (133,'TER 12:00 - 13:50 Local a Designar',57);
INSERT INTO `horarios` VALUES (134,'QUI 12:00 - 13:50 Local a Designar',57);
INSERT INTO `horarios` VALUES (135,'TER 12:00 - 13:50 Local a Designar',58);
INSERT INTO `horarios` VALUES (136,'QUI 12:00 - 13:50 Local a Designar',58);
INSERT INTO `horarios` VALUES (137,'SEG 12:00 - 13:50 Local a Designar',59);
INSERT INTO `horarios` VALUES (138,'QUA 12:00 - 13:50 Local a Designar',59);
INSERT INTO `horarios` VALUES (139,'SEG 12:00 - 13:50 Local a Designar',60);
INSERT INTO `horarios` VALUES (140,'QUA 12:00 - 13:50 Local a Designar',60);
INSERT INTO `horarios` VALUES (141,'SEG 12:00 - 13:50 Local a Designar',61);
INSERT INTO `horarios` VALUES (142,'QUA 12:00 - 13:50 Local a Designar',61);
INSERT INTO `horarios` VALUES (143,'SEG 12:00 - 13:50 Local a Designar',62);
INSERT INTO `horarios` VALUES (144,'QUA 12:00 - 13:50 Local a Designar',62);
INSERT INTO `horarios` VALUES (145,'SEG 12:00 - 13:50 Local a Designar',63);
INSERT INTO `horarios` VALUES (146,'QUA 12:00 - 13:50 Local a Designar',63);
INSERT INTO `horarios` VALUES (147,'TER 12:00 - 13:50 Local a Designar',64);
INSERT INTO `horarios` VALUES (148,'QUI 12:00 - 13:50 Local a Designar',64);
INSERT INTO `horarios` VALUES (149,'TER 12:00 - 13:50 Local a Designar',65);
INSERT INTO `horarios` VALUES (150,'QUI 12:00 - 13:50 Local a Designar',65);
INSERT INTO `horarios` VALUES (151,'TER 12:00 - 13:50 Local a Designar',66);
INSERT INTO `horarios` VALUES (152,'QUI 12:00 - 13:50 Local a Designar',66);
INSERT INTO `horarios` VALUES (153,'TER 20:50 - 22:30 PAT AT 013',67);
INSERT INTO `horarios` VALUES (154,'QUI 20:50 - 22:30 PAT AT 013',67);
INSERT INTO `horarios` VALUES (155,'TER 08:00 - 09:50 PAT AT 076',68);
INSERT INTO `horarios` VALUES (156,'QUI 08:00 - 09:50 PAT AT 076',68);
INSERT INTO `horarios` VALUES (157,'SEG 19:00 - 20:40 PJC BT 117',69);
INSERT INTO `horarios` VALUES (158,'QUA 20:50 - 22:30 PJC BT 117',69);
INSERT INTO `horarios` VALUES (159,'TER 10:00 - 11:50 LINF. 4',70);
INSERT INTO `horarios` VALUES (160,'QUI 10:00 - 11:50 LINF. 4',70);
INSERT INTO `horarios` VALUES (161,'QUA 19:00 - 20:50 BAES AT 13/61',71);
INSERT INTO `horarios` VALUES (162,'SEX 10:00 - 11:50 PJC BT 012',72);
INSERT INTO `horarios` VALUES (163,'TER 14:00 - 15:50 LINF. 1',73);
INSERT INTO `horarios` VALUES (164,'QUI 14:00 - 15:50 LINF. 1',73);
INSERT INTO `horarios` VALUES (165,'TER 14:00 - 15:50 LINF. 1',74);
INSERT INTO `horarios` VALUES (166,'QUI 14:00 - 15:50 LINF. 1',74);
INSERT INTO `horarios` VALUES (167,'QUA 16:00 - 17:50 LINF. 1',75);
INSERT INTO `horarios` VALUES (168,'SEX 16:00 - 17:50 LINF. 1',75);
INSERT INTO `horarios` VALUES (169,'TER 16:00 - 17:50 LINF. 1',76);
INSERT INTO `horarios` VALUES (170,'SEX 16:00 - 17:50 LINF. 1',76);
INSERT INTO `horarios` VALUES (171,'TER 16:00 - 17:50 LINF. 1',77);
INSERT INTO `horarios` VALUES (172,'SEX 16:00 - 17:50 LINF. 1',77);
INSERT INTO `horarios` VALUES (173,'TER 19:00 - 20:40 LINF. 1',78);
INSERT INTO `horarios` VALUES (174,'QUI 19:00 - 20:40 LINF. 1',78);
INSERT INTO `horarios` VALUES (175,'TER 14:00 - 15:50 LINF. 1',79);
INSERT INTO `horarios` VALUES (176,'QUI 14:00 - 15:50 LINF. 1',79);
INSERT INTO `horarios` VALUES (177,'QUA 16:00 - 17:50 LINF. 1',80);
INSERT INTO `horarios` VALUES (178,'SEX 16:00 - 17:50 LINF. 1',80);
INSERT INTO `horarios` VALUES (179,'TER 19:00 - 20:40 LINF. 1',81);
INSERT INTO `horarios` VALUES (180,'QUI 19:00 - 20:40 LINF. 1',81);
INSERT INTO `horarios` VALUES (181,'QUA 14:00 - 15:50 LINF. 1',82);
INSERT INTO `horarios` VALUES (182,'QUI 14:00 - 15:50 LINF. 1',82);
INSERT INTO `horarios` VALUES (183,'TER 14:00 - 15:50 LINF. 1',83);
INSERT INTO `horarios` VALUES (184,'QUI 14:00 - 15:50 LINF. 1',83);
INSERT INTO `horarios` VALUES (185,'TER 19:00 - 20:40 LINF. 1',84);
INSERT INTO `horarios` VALUES (186,'QUA 20:50 - 22:30 LINF. 1',84);
INSERT INTO `horarios` VALUES (187,'TER 19:00 - 20:40 LINF. 1',85);
INSERT INTO `horarios` VALUES (188,'QUA 20:50 - 22:30 LINF. 1',85);
INSERT INTO `horarios` VALUES (189,'QUA 16:00 - 17:50 LINF. 1',86);
INSERT INTO `horarios` VALUES (190,'SEX 16:00 - 17:50 LINF. 1',86);
INSERT INTO `horarios` VALUES (191,'TER 14:00 - 15:50 Local a Designar',87);
INSERT INTO `horarios` VALUES (192,'QUI 14:00 - 15:50 Local a Designar',87);
INSERT INTO `horarios` VALUES (193,'SEX 10:00 - 11:50 PJC BT 125',88);
INSERT INTO `horarios` VALUES (194,'TER 12:00 - 13:50 LINF.3',89);
INSERT INTO `horarios` VALUES (195,'QUI 12:00 - 13:50 LINF.3',89);
INSERT INTO `horarios` VALUES (196,'TER 08:00 - 09:50 BAES A1 11/31',90);
INSERT INTO `horarios` VALUES (197,'QUI 08:00 - 09:50 BAES A1 11/31',90);
INSERT INTO `horarios` VALUES (198,'QUA 14:00 - 15:50 PAT AT 125',91);
INSERT INTO `horarios` VALUES (199,'SEX 14:00 - 15:50 PAT AT 125',91);
INSERT INTO `horarios` VALUES (200,'SEG 18:00 - 19:50 PAT AT 060',92);
INSERT INTO `horarios` VALUES (201,'QUA 18:00 - 19:50 PAT AT 060',92);
INSERT INTO `horarios` VALUES (202,'SEG 10:00 - 11:50 PJC BT 117',93);
INSERT INTO `horarios` VALUES (203,'QUA 10:00 - 11:50 PJC BT 117',93);
INSERT INTO `horarios` VALUES (204,'SEG 08:00 - 09:50 PJC BT 076',94);
INSERT INTO `horarios` VALUES (205,'QUA 08:00 - 09:50 PJC BT 076',94);
INSERT INTO `horarios` VALUES (206,'TER 20:50 - 22:30 PJC BT 100',95);
INSERT INTO `horarios` VALUES (207,'QUI 19:00 - 20:40 PJC BT 100',95);
INSERT INTO `horarios` VALUES (208,'SEG 16:00 - 17:50 PJC BT 101',96);
INSERT INTO `horarios` VALUES (209,'QUA 16:00 - 17:50 PJC BT 101',96);
INSERT INTO `horarios` VALUES (210,'SEG 19:00 - 20:40 PAT AT 061',97);
INSERT INTO `horarios` VALUES (211,'QUA 19:00 - 20:40 PAT AT 061',97);
INSERT INTO `horarios` VALUES (212,'SEG 10:00 - 11:50 PAT AT 044',98);
INSERT INTO `horarios` VALUES (213,'QUA 10:00 - 11:50 PAT AT 044',98);
INSERT INTO `horarios` VALUES (214,'SEG 16:00 - 17:50 PJC BT 085',99);
INSERT INTO `horarios` VALUES (215,'QUA 16:00 - 17:50 PJC BT 085',99);
INSERT INTO `horarios` VALUES (216,'SEG 19:00 - 20:50 ICC BT 620',100);
INSERT INTO `horarios` VALUES (217,'QUA 19:00 - 20:50 ICC BT 620',100);
INSERT INTO `horarios` VALUES (218,'SEG 20:50 - 22:30 BAES A1 13/61',101);
INSERT INTO `horarios` VALUES (219,'QUA 19:00 - 20:40 PAT AT 052',101);
INSERT INTO `horarios` VALUES (220,'TER 14:00 - 15:50 PJC BT 132',102);
INSERT INTO `horarios` VALUES (221,'QUI 14:00 - 15:50 PJC BT 132',102);
INSERT INTO `horarios` VALUES (222,'SEG 20:50 - 22:30 PJC BT 044',103);
INSERT INTO `horarios` VALUES (223,'QUA 20:50 - 22:30 PJC BT 044',103);
INSERT INTO `horarios` VALUES (224,'SEG 14:00 - 15:50 PJC BT 125',104);
INSERT INTO `horarios` VALUES (225,'QUA 14:00 - 15:50 PJC BT 125',104);
INSERT INTO `horarios` VALUES (226,'SEG 14:00 - 15:50 PJC BT 124',105);
INSERT INTO `horarios` VALUES (227,'QUA 14:00 - 15:50 PJC BT 124',105);
INSERT INTO `horarios` VALUES (228,'TER 10:00 - 11:50 PAT AT 028',106);
INSERT INTO `horarios` VALUES (229,'QUI 10:00 - 11:50 PAT AT 028',106);
INSERT INTO `horarios` VALUES (230,'TER 14:00 - 15:50 PJC BT 124',107);
INSERT INTO `horarios` VALUES (231,'QUI 14:00 - 15:50 PJC BT 124',107);
INSERT INTO `horarios` VALUES (232,'SEG 10:00 - 11:50 PAT AT 068',108);
INSERT INTO `horarios` VALUES (233,'QUA 10:00 - 11:50 PAT AT 068',108);
INSERT INTO `horarios` VALUES (234,'QUA 08:00 - 09:50 BAES A1 11/23',109);
INSERT INTO `horarios` VALUES (235,'SEX 08:00 - 09:50 BAES A1 11/23',109);
INSERT INTO `horarios` VALUES (236,'QUA 12:00 - 13:50 Local a Designar',110);
INSERT INTO `horarios` VALUES (237,'SEX 12:00 - 13:50 Local a Designar',110);
INSERT INTO `horarios` VALUES (238,'TER 10:00 - 11:50 PAT AT 029',111);
INSERT INTO `horarios` VALUES (239,'QUI 10:00 - 11:50 PAT AT 029',111);
INSERT INTO `horarios` VALUES (240,'TER 10:00 - 11:50 PAT AT 044',112);
INSERT INTO `horarios` VALUES (241,'QUI 10:00 - 11:50 PAT AT 044',112);
INSERT INTO `horarios` VALUES (242,'SEG 08:00 - 09:50 Local a Designar',113);
INSERT INTO `horarios` VALUES (243,'TER 08:00 - 09:50 Local a Designar',113);
INSERT INTO `horarios` VALUES (244,'QUA 08:00 - 09:50 Local a Designar',113);
INSERT INTO `horarios` VALUES (245,'QUI 08:00 - 09:50 Local a Designar',113);
INSERT INTO `horarios` VALUES (246,'SEX 08:00 - 09:50 Local a Designar',113);
INSERT INTO `horarios` VALUES (247,'SEG 19:00 - 20:40 BAES A1 11/19',114);
INSERT INTO `horarios` VALUES (248,'SEG 08:00 - 09:50 BAES A1 11/23',115);
INSERT INTO `horarios` VALUES (249,'SEG 12:00 - 13:50 Local a Designar',116);
INSERT INTO `horarios` VALUES (250,'TER 12:00 - 13:50 Local a Designar',116);
INSERT INTO `horarios` VALUES (251,'QUA 12:00 - 13:50 Local a Designar',116);
INSERT INTO `horarios` VALUES (252,'QUI 12:00 - 13:50 Local a Designar',116);
INSERT INTO `horarios` VALUES (253,'SEG 12:00 - 13:50 Local a Designar',117);
INSERT INTO `horarios` VALUES (254,'TER 12:00 - 13:50 Local a Designar',117);
INSERT INTO `horarios` VALUES (255,'QUA 12:00 - 13:50 Local a Designar',117);
INSERT INTO `horarios` VALUES (256,'QUI 12:00 - 13:50 Local a Designar',117);
INSERT INTO `horarios` VALUES (257,'SEG 12:00 - 13:50 Local a Designar',118);
INSERT INTO `horarios` VALUES (258,'TER 12:00 - 13:50 Local a Designar',118);
INSERT INTO `horarios` VALUES (259,'QUA 12:00 - 13:50 Local a Designar',118);
INSERT INTO `horarios` VALUES (260,'QUI 12:00 - 13:50 Local a Designar',118);
INSERT INTO `horarios` VALUES (261,'SEG 12:00 - 13:50 Local a Designar',119);
INSERT INTO `horarios` VALUES (262,'TER 12:00 - 13:50 Local a Designar',119);
INSERT INTO `horarios` VALUES (263,'QUA 12:00 - 13:50 Local a Designar',119);
INSERT INTO `horarios` VALUES (264,'QUI 12:00 - 13:50 Local a Designar',119);
INSERT INTO `horarios` VALUES (265,'DOM 12:00 - 13:50 Local a Designar',120);
INSERT INTO `horarios` VALUES (266,'TER 12:00 - 13:50 Local a Designar',120);
INSERT INTO `horarios` VALUES (267,'QUA 12:00 - 13:50 Local a Designar',120);
INSERT INTO `horarios` VALUES (268,'QUI 12:00 - 13:50 Local a Designar',120);
INSERT INTO `horarios` VALUES (269,'TER 12:00 - 13:50 Local a Designar',121);
INSERT INTO `horarios` VALUES (270,'QUA 12:00 - 13:50 Local a Designar',121);
INSERT INTO `horarios` VALUES (271,'QUI 12:00 - 13:50 Local a Designar',121);
INSERT INTO `horarios` VALUES (272,'SEX 12:00 - 13:50 Local a Designar',121);
INSERT INTO `horarios` VALUES (273,'SEG 12:00 - 13:50 Local a Designar',122);
INSERT INTO `horarios` VALUES (274,'TER 12:00 - 13:50 Local a Designar',122);
INSERT INTO `horarios` VALUES (275,'QUA 12:00 - 13:50 Local a Designar',122);
INSERT INTO `horarios` VALUES (276,'QUI 12:00 - 13:50 Local a Designar',122);
INSERT INTO `horarios` VALUES (277,'SEG 12:00 - 13:50 Local a Designar',123);
INSERT INTO `horarios` VALUES (278,'TER 12:00 - 13:50 Local a Designar',123);
INSERT INTO `horarios` VALUES (279,'QUA 12:00 - 13:50 Local a Designar',123);
INSERT INTO `horarios` VALUES (280,'QUI 12:00 - 13:50 Local a Designar',123);
INSERT INTO `horarios` VALUES (281,'SEG 12:00 - 13:50 Local a Designar',124);
INSERT INTO `horarios` VALUES (282,'TER 12:00 - 13:50 Local a Designar',124);
INSERT INTO `horarios` VALUES (283,'QUA 12:00 - 13:50 Local a Designar',124);
INSERT INTO `horarios` VALUES (284,'QUI 12:00 - 13:50 Local a Designar',124);
INSERT INTO `horarios` VALUES (285,'SEG 12:00 - 13:50 Local a Designar',125);
INSERT INTO `horarios` VALUES (286,'TER 12:00 - 13:50 Local a Designar',125);
INSERT INTO `horarios` VALUES (287,'QUA 12:00 - 13:50 Local a Designar',125);
INSERT INTO `horarios` VALUES (288,'QUI 12:00 - 13:50 Local a Designar',125);
INSERT INTO `horarios` VALUES (289,'SEG 12:00 - 13:50 Local a Designar',126);
INSERT INTO `horarios` VALUES (290,'TER 12:00 - 13:50 Local a Designar',126);
INSERT INTO `horarios` VALUES (291,'QUA 12:00 - 13:50 Local a Designar',126);
INSERT INTO `horarios` VALUES (292,'QUI 12:00 - 13:50 Local a Designar',126);
INSERT INTO `horarios` VALUES (293,'SEG 12:00 - 13:50 Local a Designar',127);
INSERT INTO `horarios` VALUES (294,'TER 12:00 - 13:50 Local a Designar',127);
INSERT INTO `horarios` VALUES (295,'QUA 12:00 - 13:50 Local a Designar',127);
INSERT INTO `horarios` VALUES (296,'QUI 12:00 - 13:50 Local a Designar',127);
INSERT INTO `horarios` VALUES (297,'TER 12:00 - 13:50 Local a Designar',128);
INSERT INTO `horarios` VALUES (298,'QUA 12:00 - 13:50 Local a Designar',128);
INSERT INTO `horarios` VALUES (299,'QUI 12:00 - 13:50 Local a Designar',128);
INSERT INTO `horarios` VALUES (300,'SEX 12:00 - 13:50 Local a Designar',128);
INSERT INTO `horarios` VALUES (301,'SEG 14:00 - 15:50 PJC BT 101',129);
INSERT INTO `horarios` VALUES (302,'QUA 14:00 - 15:50 PJC BT 101',129);
INSERT INTO `horarios` VALUES (303,'SEG 12:00 - 13:50 Local a Designar',130);
INSERT INTO `horarios` VALUES (304,'SEG 12:00 - 13:50 Local a Designar',131);
INSERT INTO `horarios` VALUES (305,'SEG 12:00 - 13:50 Local a Designar',132);
INSERT INTO `horarios` VALUES (306,'SEG 12:00 - 13:50 Local a Designar',133);
INSERT INTO `horarios` VALUES (307,'SEG 12:00 - 13:50 Local a Designar',134);
INSERT INTO `horarios` VALUES (308,'SEG 12:00 - 13:50 Local a Designar',135);
INSERT INTO `horarios` VALUES (309,'SEG 12:00 - 13:50 Local a Designar',136);
INSERT INTO `horarios` VALUES (310,'SEG 12:00 - 13:50 Local a Designar',137);
INSERT INTO `horarios` VALUES (311,'SEG 12:00 - 13:50 Local a Designar',138);
INSERT INTO `horarios` VALUES (312,'SEG 12:00 - 13:50 Local a Designar',139);
INSERT INTO `horarios` VALUES (313,'SEG 12:00 - 13:50 Local a Designar',140);
INSERT INTO `horarios` VALUES (314,'TER 12:00 - 13:50 Local a Designar',141);
INSERT INTO `horarios` VALUES (315,'QUA 12:00 - 13:50 Local a Designar',141);
INSERT INTO `horarios` VALUES (316,'QUI 12:00 - 13:50 Local a Designar',141);
INSERT INTO `horarios` VALUES (317,'TER 12:00 - 13:50 Local a Designar',142);
INSERT INTO `horarios` VALUES (318,'QUA 12:00 - 13:50 Local a Designar',142);
INSERT INTO `horarios` VALUES (319,'QUI 12:00 - 13:50 Local a Designar',142);
INSERT INTO `horarios` VALUES (320,'TER 12:00 - 13:50 Local a Designar',143);
INSERT INTO `horarios` VALUES (321,'QUA 12:00 - 13:50 Local a Designar',143);
INSERT INTO `horarios` VALUES (322,'QUI 12:00 - 13:50 Local a Designar',143);
INSERT INTO `horarios` VALUES (323,'TER 12:00 - 13:50 Local a Designar',144);
INSERT INTO `horarios` VALUES (324,'QUA 12:00 - 13:50 Local a Designar',144);
INSERT INTO `horarios` VALUES (325,'QUI 12:00 - 13:50 Local a Designar',144);
INSERT INTO `horarios` VALUES (326,'TER 12:00 - 13:50 Local a Designar',145);
INSERT INTO `horarios` VALUES (327,'QUA 12:00 - 13:50 Local a Designar',145);
INSERT INTO `horarios` VALUES (328,'QUI 12:00 - 13:50 Local a Designar',145);
INSERT INTO `horarios` VALUES (329,'TER 12:00 - 13:50 Local a Designar',146);
INSERT INTO `horarios` VALUES (330,'QUA 12:00 - 13:50 Local a Designar',146);
INSERT INTO `horarios` VALUES (331,'QUI 12:00 - 13:50 Local a Designar',146);
INSERT INTO `horarios` VALUES (332,'TER 12:00 - 13:50 Local a Designar',147);
INSERT INTO `horarios` VALUES (333,'QUA 12:00 - 13:50 Local a Designar',147);
INSERT INTO `horarios` VALUES (334,'QUI 12:00 - 13:50 Local a Designar',147);
INSERT INTO `horarios` VALUES (335,'TER 12:00 - 13:50 Local a Designar',148);
INSERT INTO `horarios` VALUES (336,'QUA 12:00 - 13:50 Local a Designar',148);
INSERT INTO `horarios` VALUES (337,'QUI 12:00 - 13:50 Local a Designar',148);
INSERT INTO `horarios` VALUES (338,'TER 12:00 - 13:50 Local a Designar',149);
INSERT INTO `horarios` VALUES (339,'QUA 12:00 - 13:50 Local a Designar',149);
INSERT INTO `horarios` VALUES (340,'QUI 12:00 - 13:50 Local a Designar',149);
INSERT INTO `horarios` VALUES (341,'TER 12:00 - 13:50 Local a Designar',150);
INSERT INTO `horarios` VALUES (342,'QUA 12:00 - 13:50 Local a Designar',150);
INSERT INTO `horarios` VALUES (343,'QUI 12:00 - 13:50 Local a Designar',150);
INSERT INTO `horarios` VALUES (344,'TER 19:00 - 20:50 PJC BT 085',151);
INSERT INTO `horarios` VALUES (345,'QUI 20:50 - 22:40 PJC BT 085',151);
INSERT INTO `horarios` VALUES (346,'SEG 14:00 - 15:50 PJC BT 117',152);
INSERT INTO `horarios` VALUES (347,'QUA 14:00 - 15:50 PJC BT 117',152);
INSERT INTO `horarios` VALUES (348,'TER 14:00 - 15:50 PJC BT 117',153);
INSERT INTO `horarios` VALUES (349,'QUI 14:00 - 15:50 PJC BT 117',153);
INSERT INTO `horarios` VALUES (350,'SEG 10:00 - 11:50 PAT AT 028',154);
INSERT INTO `horarios` VALUES (351,'QUA 10:00 - 11:50 PAT AT 028',154);
INSERT INTO `horarios` VALUES (352,'SEG 20:50 - 22:30 PAT AT 013',155);
INSERT INTO `horarios` VALUES (353,'QUA 20:50 - 22:30 PAT AT 013',155);
INSERT INTO `horarios` VALUES (354,'SEG 08:00 - 09:50 PJC BT 100',156);
INSERT INTO `horarios` VALUES (355,'QUA 08:00 - 09:50 PJC BT 100',156);
INSERT INTO `horarios` VALUES (356,'SEX 08:00 - 09:50 PJC BT 100',156);
INSERT INTO `horarios` VALUES (357,'SEG 10:00 - 11:50 PAT AT 093',157);
INSERT INTO `horarios` VALUES (358,'QUA 10:00 - 11:50 PAT AT 093',157);
INSERT INTO `horarios` VALUES (359,'QUA 10:00 - 11:50 PAT AT 117',158);
INSERT INTO `horarios` VALUES (360,'SEX 10:00 - 11:50 PAT AT 117',158);
INSERT INTO `horarios` VALUES (361,'QUA 08:00 - 09:50 Local a Designar',159);
INSERT INTO `horarios` VALUES (362,'SAB 08:00 - 09:50 Local a Designar',160);
INSERT INTO `horarios` VALUES (363,'SAB 08:00 - 09:50 Local a Designar',161);
INSERT INTO `horarios` VALUES (364,'TER 10:00 - 11:50 PAT AT 036',162);
INSERT INTO `horarios` VALUES (365,'QUI 10:00 - 11:50 PAT AT 036',162);
INSERT INTO `horarios` VALUES (366,'TER 10:00 - 11:50 BAES A1 11/27',163);
INSERT INTO `horarios` VALUES (367,'QUI 10:00 - 11:50 BAES A1 11/27',163);
INSERT INTO `horarios` VALUES (368,'TER 19:00 - 20:40 PAT AT 061',164);
INSERT INTO `horarios` VALUES (369,'QUI 19:00 - 20:40 PAT AT 061',164);
INSERT INTO `horarios` VALUES (370,'QUA 20:50 - 22:30 PAT AT 076',165);
INSERT INTO `horarios` VALUES (371,'SEX 19:00 - 20:40 PAT AT 085',165);
INSERT INTO `horarios` VALUES (372,'SAB 14:00 - 15:40 PAT AT 076',165);
INSERT INTO `horarios` VALUES (373,'SEX 19:00 - 20:40 LINF. 1',166);
INSERT INTO `horarios` VALUES (374,'SAB 10:00 - 11:40 LINF. 1',166);
INSERT INTO `horarios` VALUES (375,'TER 12:00 - 13:50 Local a Designar',167);
INSERT INTO `horarios` VALUES (376,'QUI 12:00 - 13:50 Local a Designar',167);
INSERT INTO `horarios` VALUES (377,'TER 12:00 - 13:50 Local a Designar',168);
INSERT INTO `horarios` VALUES (378,'QUI 12:00 - 13:50 Local a Designar',168);
INSERT INTO `horarios` VALUES (379,'SEG 14:00 - 15:50 BAES A1 11/49',169);
INSERT INTO `horarios` VALUES (380,'QUA 14:00 - 15:50 BAES A1 11/49',169);
INSERT INTO `horarios` VALUES (381,'TER 16:00 - 17:50 BAES A1 11/19',170);
INSERT INTO `horarios` VALUES (382,'QUI 16:00 - 17:50 BAES A1 11/19',170);
INSERT INTO `horarios` VALUES (383,'TER 12:00 - 13:50 Local a Designar',171);
INSERT INTO `horarios` VALUES (384,'QUA 12:00 - 13:50 Local a Designar',171);
INSERT INTO `horarios` VALUES (385,'QUA 08:00 - 09:50 Local a Designar',172);
INSERT INTO `horarios` VALUES (386,'SEX 08:00 - 09:50 Local a Designar',172);
INSERT INTO `horarios` VALUES (387,'TER 12:00 - 13:50 Local a Designar',173);
INSERT INTO `horarios` VALUES (388,'QUI 12:00 - 13:50 Local a Designar',173);
INSERT INTO `horarios` VALUES (389,'SEG 12:00 - 13:50 Local a Designar',174);
INSERT INTO `horarios` VALUES (390,'QUA 12:00 - 13:50 Local a Designar',174);
INSERT INTO `horarios` VALUES (391,'TER 14:00 - 15:50 ICC AT- 169/8',175);
INSERT INTO `horarios` VALUES (392,'QUI 14:00 - 15:50 ICC AT- 169/8',175);
INSERT INTO `horarios` VALUES (393,'SEG 12:00 - 13:50 Local a Designar',176);
INSERT INTO `horarios` VALUES (394,'QUA 12:00 - 13:50 Local a Designar',176);
INSERT INTO `horarios` VALUES (395,'SEX 12:00 - 13:50 Local a Designar',176);
INSERT INTO `horarios` VALUES (396,'SEG 12:00 - 13:50 Local a Designar',177);
INSERT INTO `horarios` VALUES (397,'QUA 12:00 - 13:50 Local a Designar',177);
INSERT INTO `horarios` VALUES (398,'SEX 12:00 - 13:50 Local a Designar',177);
INSERT INTO `horarios` VALUES (399,'SEG 12:00 - 13:50 Local a Designar',178);
INSERT INTO `horarios` VALUES (400,'QUA 12:00 - 13:50 Local a Designar',178);
INSERT INTO `horarios` VALUES (401,'SEX 12:00 - 13:50 Local a Designar',178);
INSERT INTO `horarios` VALUES (402,'SEG 08:00 - 09:50 BAES A1 11/19',179);
INSERT INTO `horarios` VALUES (403,'SEG 19:00 - 20:50 PAT AT 053',180);
INSERT INTO `horarios` VALUES (404,'SEG 12:00 - 13:50 Local a Designar',181);
INSERT INTO `horarios` VALUES (405,'QUA 12:00 - 13:50 Local a Designar',181);
INSERT INTO `horarios` VALUES (406,'SEG 12:00 - 13:50 Local a Designar',182);
INSERT INTO `horarios` VALUES (407,'QUA 12:00 - 13:50 Local a Designar',182);
INSERT INTO `horarios` VALUES (408,'SEG 12:00 - 13:50 Local a Designar',183);
INSERT INTO `horarios` VALUES (409,'QUA 12:00 - 13:50 Local a Designar',183);
INSERT INTO `horarios` VALUES (410,'SEG 12:00 - 13:50 Local a Designar',184);
INSERT INTO `horarios` VALUES (411,'QUA 12:00 - 13:50 Local a Designar',184);
INSERT INTO `horarios` VALUES (412,'SEG 12:00 - 13:50 Local a Designar',185);
INSERT INTO `horarios` VALUES (413,'QUA 12:00 - 13:50 Local a Designar',185);
INSERT INTO `horarios` VALUES (414,'SEG 12:00 - 13:50 Local a Designar',186);
INSERT INTO `horarios` VALUES (415,'QUA 12:00 - 13:50 Local a Designar',186);
INSERT INTO `horarios` VALUES (416,'SEG 12:00 - 13:50 Local a Designar',187);
INSERT INTO `horarios` VALUES (417,'QUA 12:00 - 13:50 Local a Designar',187);
INSERT INTO `horarios` VALUES (418,'SEG 12:00 - 13:50 Local a Designar',188);
INSERT INTO `horarios` VALUES (419,'QUA 12:00 - 13:50 Local a Designar',188);
INSERT INTO `horarios` VALUES (420,'SEG 12:00 - 13:50 Local a Designar',189);
INSERT INTO `horarios` VALUES (421,'QUA 12:00 - 13:50 Local a Designar',189);
INSERT INTO `horarios` VALUES (422,'SEG 12:00 - 13:50 Local a Designar',190);
INSERT INTO `horarios` VALUES (423,'QUA 12:00 - 13:50 Local a Designar',190);
INSERT INTO `horarios` VALUES (424,'SEX 16:00 - 17:50 Local a Designar',191);
INSERT INTO `horarios` VALUES (425,'SEG 12:00 - 13:50 Local a Designar',192);
INSERT INTO `horarios` VALUES (426,'QUA 12:00 - 13:50 Local a Designar',192);
INSERT INTO `horarios` VALUES (427,'SEG 12:00 - 13:50 Local a Designar',193);
INSERT INTO `horarios` VALUES (428,'QUA 12:00 - 13:50 Local a Designar',193);
INSERT INTO `horarios` VALUES (429,'SEG 12:00 - 13:50 Local a Designar',194);
INSERT INTO `horarios` VALUES (430,'QUA 12:00 - 13:50 Local a Designar',194);
INSERT INTO `horarios` VALUES (431,'SEG 16:00 - 17:50 PJC BT 117',195);
INSERT INTO `horarios` VALUES (432,'QUA 16:00 - 17:50 PJC BT 117',195);
INSERT INTO `horarios` VALUES (433,'QUI 16:00 - 17:50 PJC BT 117',195);
INSERT INTO `horarios` VALUES (434,'TER 08:00 - 09:50 PJC BT 108',196);
INSERT INTO `horarios` VALUES (435,'QUI 08:00 - 09:50 PJC BT 108',196);
CREATE TABLE "docentes_turmas" ("docente_id" integer NOT NULL, "turma_id" integer NOT NULL);
INSERT INTO `docentes_turmas` VALUES (1,1);
INSERT INTO `docentes_turmas` VALUES (2,2);
INSERT INTO `docentes_turmas` VALUES (3,3);
INSERT INTO `docentes_turmas` VALUES (4,4);
INSERT INTO `docentes_turmas` VALUES (5,5);
INSERT INTO `docentes_turmas` VALUES (4,6);
INSERT INTO `docentes_turmas` VALUES (6,7);
INSERT INTO `docentes_turmas` VALUES (3,7);
INSERT INTO `docentes_turmas` VALUES (7,8);
INSERT INTO `docentes_turmas` VALUES (8,9);
INSERT INTO `docentes_turmas` VALUES (9,10);
INSERT INTO `docentes_turmas` VALUES (10,11);
INSERT INTO `docentes_turmas` VALUES (11,12);
INSERT INTO `docentes_turmas` VALUES (12,13);
INSERT INTO `docentes_turmas` VALUES (6,13);
INSERT INTO `docentes_turmas` VALUES (12,14);
INSERT INTO `docentes_turmas` VALUES (6,14);
INSERT INTO `docentes_turmas` VALUES (6,15);
INSERT INTO `docentes_turmas` VALUES (13,15);
INSERT INTO `docentes_turmas` VALUES (6,16);
INSERT INTO `docentes_turmas` VALUES (13,16);
INSERT INTO `docentes_turmas` VALUES (14,17);
INSERT INTO `docentes_turmas` VALUES (15,18);
INSERT INTO `docentes_turmas` VALUES (8,19);
INSERT INTO `docentes_turmas` VALUES (16,20);
INSERT INTO `docentes_turmas` VALUES (17,21);
INSERT INTO `docentes_turmas` VALUES (18,22);
INSERT INTO `docentes_turmas` VALUES (18,23);
INSERT INTO `docentes_turmas` VALUES (19,24);
INSERT INTO `docentes_turmas` VALUES (20,25);
INSERT INTO `docentes_turmas` VALUES (21,26);
INSERT INTO `docentes_turmas` VALUES (22,27);
INSERT INTO `docentes_turmas` VALUES (23,28);
INSERT INTO `docentes_turmas` VALUES (24,29);
INSERT INTO `docentes_turmas` VALUES (1,30);
INSERT INTO `docentes_turmas` VALUES (25,31);
INSERT INTO `docentes_turmas` VALUES (10,32);
INSERT INTO `docentes_turmas` VALUES (26,33);
INSERT INTO `docentes_turmas` VALUES (15,34);
INSERT INTO `docentes_turmas` VALUES (27,35);
INSERT INTO `docentes_turmas` VALUES (28,36);
INSERT INTO `docentes_turmas` VALUES (5,37);
INSERT INTO `docentes_turmas` VALUES (29,38);
INSERT INTO `docentes_turmas` VALUES (30,39);
INSERT INTO `docentes_turmas` VALUES (31,40);
INSERT INTO `docentes_turmas` VALUES (24,41);
INSERT INTO `docentes_turmas` VALUES (25,42);
INSERT INTO `docentes_turmas` VALUES (13,43);
INSERT INTO `docentes_turmas` VALUES (32,44);
INSERT INTO `docentes_turmas` VALUES (1,45);
INSERT INTO `docentes_turmas` VALUES (10,46);
INSERT INTO `docentes_turmas` VALUES (28,47);
INSERT INTO `docentes_turmas` VALUES (27,48);
INSERT INTO `docentes_turmas` VALUES (30,49);
INSERT INTO `docentes_turmas` VALUES (23,50);
INSERT INTO `docentes_turmas` VALUES (28,51);
INSERT INTO `docentes_turmas` VALUES (1,52);
INSERT INTO `docentes_turmas` VALUES (10,53);
INSERT INTO `docentes_turmas` VALUES (13,54);
INSERT INTO `docentes_turmas` VALUES (23,55);
INSERT INTO `docentes_turmas` VALUES (29,56);
INSERT INTO `docentes_turmas` VALUES (24,57);
INSERT INTO `docentes_turmas` VALUES (28,58);
INSERT INTO `docentes_turmas` VALUES (31,59);
INSERT INTO `docentes_turmas` VALUES (33,60);
INSERT INTO `docentes_turmas` VALUES (19,61);
INSERT INTO `docentes_turmas` VALUES (34,62);
INSERT INTO `docentes_turmas` VALUES (27,63);
INSERT INTO `docentes_turmas` VALUES (35,64);
INSERT INTO `docentes_turmas` VALUES (26,65);
INSERT INTO `docentes_turmas` VALUES (16,66);
INSERT INTO `docentes_turmas` VALUES (32,67);
INSERT INTO `docentes_turmas` VALUES (9,68);
INSERT INTO `docentes_turmas` VALUES (36,69);
INSERT INTO `docentes_turmas` VALUES (27,70);
INSERT INTO `docentes_turmas` VALUES (16,71);
INSERT INTO `docentes_turmas` VALUES (16,72);
INSERT INTO `docentes_turmas` VALUES (34,73);
INSERT INTO `docentes_turmas` VALUES (34,74);
INSERT INTO `docentes_turmas` VALUES (34,75);
INSERT INTO `docentes_turmas` VALUES (34,76);
INSERT INTO `docentes_turmas` VALUES (34,77);
INSERT INTO `docentes_turmas` VALUES (34,78);
INSERT INTO `docentes_turmas` VALUES (34,79);
INSERT INTO `docentes_turmas` VALUES (34,80);
INSERT INTO `docentes_turmas` VALUES (17,80);
INSERT INTO `docentes_turmas` VALUES (34,81);
INSERT INTO `docentes_turmas` VALUES (17,81);
INSERT INTO `docentes_turmas` VALUES (5,82);
INSERT INTO `docentes_turmas` VALUES (34,83);
INSERT INTO `docentes_turmas` VALUES (16,83);
INSERT INTO `docentes_turmas` VALUES (34,84);
INSERT INTO `docentes_turmas` VALUES (34,85);
INSERT INTO `docentes_turmas` VALUES (34,86);
INSERT INTO `docentes_turmas` VALUES (16,86);
INSERT INTO `docentes_turmas` VALUES (37,87);
INSERT INTO `docentes_turmas` VALUES (38,88);
INSERT INTO `docentes_turmas` VALUES (2,89);
INSERT INTO `docentes_turmas` VALUES (39,90);
INSERT INTO `docentes_turmas` VALUES (1,91);
INSERT INTO `docentes_turmas` VALUES (25,92);
INSERT INTO `docentes_turmas` VALUES (13,93);
INSERT INTO `docentes_turmas` VALUES (24,94);
INSERT INTO `docentes_turmas` VALUES (40,95);
INSERT INTO `docentes_turmas` VALUES (41,96);
INSERT INTO `docentes_turmas` VALUES (29,97);
INSERT INTO `docentes_turmas` VALUES (36,98);
INSERT INTO `docentes_turmas` VALUES (26,99);
INSERT INTO `docentes_turmas` VALUES (15,100);
INSERT INTO `docentes_turmas` VALUES (34,101);
INSERT INTO `docentes_turmas` VALUES (7,102);
INSERT INTO `docentes_turmas` VALUES (11,103);
INSERT INTO `docentes_turmas` VALUES (12,104);
INSERT INTO `docentes_turmas` VALUES (13,105);
INSERT INTO `docentes_turmas` VALUES (28,106);
INSERT INTO `docentes_turmas` VALUES (42,107);
INSERT INTO `docentes_turmas` VALUES (28,108);
INSERT INTO `docentes_turmas` VALUES (39,109);
INSERT INTO `docentes_turmas` VALUES (8,110);
INSERT INTO `docentes_turmas` VALUES (23,111);
INSERT INTO `docentes_turmas` VALUES (35,112);
INSERT INTO `docentes_turmas` VALUES (8,113);
INSERT INTO `docentes_turmas` VALUES (30,114);
INSERT INTO `docentes_turmas` VALUES (30,115);
INSERT INTO `docentes_turmas` VALUES (8,116);
INSERT INTO `docentes_turmas` VALUES (13,117);
INSERT INTO `docentes_turmas` VALUES (19,118);
INSERT INTO `docentes_turmas` VALUES (10,119);
INSERT INTO `docentes_turmas` VALUES (43,120);
INSERT INTO `docentes_turmas` VALUES (35,121);
INSERT INTO `docentes_turmas` VALUES (30,122);
INSERT INTO `docentes_turmas` VALUES (31,123);
INSERT INTO `docentes_turmas` VALUES (32,124);
INSERT INTO `docentes_turmas` VALUES (40,125);
INSERT INTO `docentes_turmas` VALUES (26,126);
INSERT INTO `docentes_turmas` VALUES (34,127);
INSERT INTO `docentes_turmas` VALUES (25,128);
INSERT INTO `docentes_turmas` VALUES (26,129);
INSERT INTO `docentes_turmas` VALUES (30,130);
INSERT INTO `docentes_turmas` VALUES (25,131);
INSERT INTO `docentes_turmas` VALUES (33,132);
INSERT INTO `docentes_turmas` VALUES (37,133);
INSERT INTO `docentes_turmas` VALUES (44,134);
INSERT INTO `docentes_turmas` VALUES (45,135);
INSERT INTO `docentes_turmas` VALUES (27,136);
INSERT INTO `docentes_turmas` VALUES (46,137);
INSERT INTO `docentes_turmas` VALUES (14,138);
INSERT INTO `docentes_turmas` VALUES (5,139);
INSERT INTO `docentes_turmas` VALUES (42,140);
INSERT INTO `docentes_turmas` VALUES (35,141);
INSERT INTO `docentes_turmas` VALUES (25,142);
INSERT INTO `docentes_turmas` VALUES (30,143);
INSERT INTO `docentes_turmas` VALUES (10,144);
INSERT INTO `docentes_turmas` VALUES (27,145);
INSERT INTO `docentes_turmas` VALUES (43,146);
INSERT INTO `docentes_turmas` VALUES (13,147);
INSERT INTO `docentes_turmas` VALUES (46,148);
INSERT INTO `docentes_turmas` VALUES (5,149);
INSERT INTO `docentes_turmas` VALUES (1,150);
INSERT INTO `docentes_turmas` VALUES (40,151);
INSERT INTO `docentes_turmas` VALUES (47,152);
INSERT INTO `docentes_turmas` VALUES (48,153);
INSERT INTO `docentes_turmas` VALUES (31,154);
INSERT INTO `docentes_turmas` VALUES (49,155);
INSERT INTO `docentes_turmas` VALUES (46,156);
INSERT INTO `docentes_turmas` VALUES (24,157);
INSERT INTO `docentes_turmas` VALUES (25,158);
INSERT INTO `docentes_turmas` VALUES (8,159);
INSERT INTO `docentes_turmas` VALUES (16,160);
INSERT INTO `docentes_turmas` VALUES (17,161);
INSERT INTO `docentes_turmas` VALUES (38,162);
INSERT INTO `docentes_turmas` VALUES (33,163);
INSERT INTO `docentes_turmas` VALUES (47,164);
INSERT INTO `docentes_turmas` VALUES (16,165);
INSERT INTO `docentes_turmas` VALUES (17,165);
INSERT INTO `docentes_turmas` VALUES (16,166);
INSERT INTO `docentes_turmas` VALUES (17,166);
INSERT INTO `docentes_turmas` VALUES (50,167);
INSERT INTO `docentes_turmas` VALUES (34,167);
INSERT INTO `docentes_turmas` VALUES (2,167);
INSERT INTO `docentes_turmas` VALUES (32,167);
INSERT INTO `docentes_turmas` VALUES (31,168);
INSERT INTO `docentes_turmas` VALUES (19,169);
INSERT INTO `docentes_turmas` VALUES (10,170);
INSERT INTO `docentes_turmas` VALUES (24,171);
INSERT INTO `docentes_turmas` VALUES (42,172);
INSERT INTO `docentes_turmas` VALUES (34,173);
INSERT INTO `docentes_turmas` VALUES (35,174);
INSERT INTO `docentes_turmas` VALUES (33,175);
INSERT INTO `docentes_turmas` VALUES (24,176);
INSERT INTO `docentes_turmas` VALUES (29,177);
INSERT INTO `docentes_turmas` VALUES (27,178);
INSERT INTO `docentes_turmas` VALUES (30,179);
INSERT INTO `docentes_turmas` VALUES (30,180);
INSERT INTO `docentes_turmas` VALUES (26,181);
INSERT INTO `docentes_turmas` VALUES (46,182);
INSERT INTO `docentes_turmas` VALUES (47,183);
INSERT INTO `docentes_turmas` VALUES (13,184);
INSERT INTO `docentes_turmas` VALUES (4,185);
INSERT INTO `docentes_turmas` VALUES (33,186);
INSERT INTO `docentes_turmas` VALUES (5,187);
INSERT INTO `docentes_turmas` VALUES (10,188);
INSERT INTO `docentes_turmas` VALUES (35,189);
INSERT INTO `docentes_turmas` VALUES (31,190);
INSERT INTO `docentes_turmas` VALUES (29,191);
INSERT INTO `docentes_turmas` VALUES (1,192);
INSERT INTO `docentes_turmas` VALUES (19,193);
INSERT INTO `docentes_turmas` VALUES (11,194);
INSERT INTO `docentes_turmas` VALUES (21,195);
INSERT INTO `docentes_turmas` VALUES (27,196);
CREATE TABLE "docentes" ("id" INTEGER PRIMARY KEY AUTOINCREMENT NOT NULL, "nome" varchar, "user_id" integer);
INSERT INTO `docentes` VALUES (1,'CARLA DENISE CASTANHO',NULL);
INSERT INTO `docentes` VALUES (2,'MARCIO DE CARVALHO VICTORINO',NULL);
INSERT INTO `docentes` VALUES (3,'GUILHERME NOVAES RAMOS',NULL);
INSERT INTO `docentes` VALUES (4,'FRANCISCO DE ASSIS CARTAXO PINHEIRO',NULL);
INSERT INTO `docentes` VALUES (5,'ALEXANDRE ZAGHETTO',NULL);
INSERT INTO `docentes` VALUES (6,'CARLA MARIA CHAGAS E CAVALCANTE KOIKE',NULL);
INSERT INTO `docentes` VALUES (7,'ANDRE COSTA DRUMMOND',NULL);
INSERT INTO `docentes` VALUES (8,'WILSON HENRIQUE VENEZIANO',NULL);
INSERT INTO `docentes` VALUES (9,'JORGE CARLOS LUCERO',NULL);
INSERT INTO `docentes` VALUES (10,'MARISTELA TERTO DE HOLANDA',NULL);
INSERT INTO `docentes` VALUES (11,'PEDRO DE AZEVEDO BERGER',NULL);
INSERT INTO `docentes` VALUES (12,'CAMILO CHANG DOREA',NULL);
INSERT INTO `docentes` VALUES (13,'MARCUS VINICIUS LAMAR',NULL);
INSERT INTO `docentes` VALUES (14,'FERNANDA LIMA',NULL);
INSERT INTO `docentes` VALUES (15,'FERNANDO ANTONIO DE ARAUJO CHACON DE ALBUQUERQUE',NULL);
INSERT INTO `docentes` VALUES (16,'FRANCISCO VILLA ULHOA BOTELHO',NULL);
INSERT INTO `docentes` VALUES (17,'GISLANE PEREIRA SANTANA',NULL);
INSERT INTO `docentes` VALUES (18,'RICARDO ZELENOVSKY',NULL);
INSERT INTO `docentes` VALUES (19,'EDUARDO ADILIO PELINSON ALCHIERI',NULL);
INSERT INTO `docentes` VALUES (20,'LI WEIGANG',NULL);
INSERT INTO `docentes` VALUES (21,'GERMANA MENEZES DA NOBREGA',NULL);
INSERT INTO `docentes` VALUES (22,'GEORGE LUIZ MEDEIROS TEODORO',NULL);
INSERT INTO `docentes` VALUES (23,'RODRIGO BONIFACIO DE ALMEIDA',NULL);
INSERT INTO `docentes` VALUES (24,'MARCELO LADEIRA',NULL);
INSERT INTO `docentes` VALUES (25,'BRUNO LUIGGI MACCHIAVELLO ESPINOZA',NULL);
INSERT INTO `docentes` VALUES (26,'JAN MENDONCA CORREA',NULL);
INSERT INTO `docentes` VALUES (27,'JOAO JOSE COSTA GONDIM',NULL);
INSERT INTO `docentes` VALUES (28,'FLAVIO DE BARROS VIDAL',NULL);
INSERT INTO `docentes` VALUES (29,'CLAUDIA NALON',NULL);
INSERT INTO `docentes` VALUES (30,'MARIA EMILIA MACHADO TELLES WALTER',NULL);
INSERT INTO `docentes` VALUES (31,'CELIA GHEDINI RALHA',NULL);
INSERT INTO `docentes` VALUES (32,'MARIA DE FATIMA RAMOS BRANDAO',NULL);
INSERT INTO `docentes` VALUES (33,'JACIR LUIZ BORDIM',NULL);
INSERT INTO `docentes` VALUES (34,'EDISON ISHIKAWA',NULL);
INSERT INTO `docentes` VALUES (35,'GENAINA NUNES RODRIGUES',NULL);
INSERT INTO `docentes` VALUES (36,'FLAVIO LEONARDO CAVALCANTI DE MOURA',NULL);
INSERT INTO `docentes` VALUES (37,'ALUIZIO ARCELA JUNIOR',NULL);
INSERT INTO `docentes` VALUES (38,'PRISCILA AMERICA SOLIS MENDEZ BARRETO',NULL);
INSERT INTO `docentes` VALUES (39,'GERSON HENRIQUE PFITSCHER',NULL);
INSERT INTO `docentes` VALUES (40,'MARCOS FAGUNDES CAETANO',NULL);
INSERT INTO `docentes` VALUES (41,'MAURICIO AYALA RINCON',NULL);
INSERT INTO `docentes` VALUES (42,'RICARDO PEZZUOL JACOBI',NULL);
INSERT INTO `docentes` VALUES (43,'ALETEIA PATRICIA FAVACHO DE ARAUJO VON PAUMGARTTEN',NULL);
INSERT INTO `docentes` VALUES (44,'RAFAEL TIMOTEO DE SOUSA JUNIOR',NULL);
INSERT INTO `docentes` VALUES (45,'JOSE EDIL GUIMARAES DE MEDEIROS',NULL);
INSERT INTO `docentes` VALUES (46,'ALBA CRISTINA MAGALHAES ALVES DE MELO',NULL);
INSERT INTO `docentes` VALUES (47,'PEDRO ANTONIO DOURADO DE REZENDE',NULL);
INSERT INTO `docentes` VALUES (48,'RICARDO LOPES DE QUEIROZ',NULL);
INSERT INTO `docentes` VALUES (49,'VANDER RAMOS ALVES',NULL);
INSERT INTO `docentes` VALUES (50,'EDGARD COSTA OLIVEIRA',NULL);
CREATE TABLE "disciplinas" ("id" INTEGER PRIMARY KEY AUTOINCREMENT NOT NULL, "codigo" integer, "nome" varchar, "departamento_id" integer);
INSERT INTO `disciplinas` VALUES (1,113476,'ALGORITMOS E PROGRAMACAO DE COMPUTADORES',1);
INSERT INTO `disciplinas` VALUES (2,117251,'ARQUITETURA DE PROCESSADORES DIGITAIS',1);
INSERT INTO `disciplinas` VALUES (3,116882,'AUTOMATOS E COMPUTABILIDADE',1);
INSERT INTO `disciplinas` VALUES (4,116378,'BANCOS DE DADOS',1);
INSERT INTO `disciplinas` VALUES (5,116351,'CIRCUITOS DIGITAIS',1);
INSERT INTO `disciplinas` VALUES (6,116441,'ENGENHARIA DE SOFTWARE',1);
INSERT INTO `disciplinas` VALUES (7,117340,'ESTAGIO SUPERVISIONADO DE LICENCIATURA - COMPUTACAO',1);
INSERT INTO `disciplinas` VALUES (8,207438,'ESTAGIO SUPERVISIONADO EM ENGENHARIA DE COMPUTACAO 1',1);
INSERT INTO `disciplinas` VALUES (9,207314,'ESTAGIO SUPERVISIONADO EM ENGENHARIA DE COMPUTACAO 2',1);
INSERT INTO `disciplinas` VALUES (10,116319,'ESTRUTURAS DE DADOS',1);
INSERT INTO `disciplinas` VALUES (11,116521,'ESTUDOS EM COMPUTACAO MULTIMIDIA',1);
INSERT INTO `disciplinas` VALUES (12,116661,'ESTUDOS EM INTELIGENCIA ARTIFICIAL',1);
INSERT INTO `disciplinas` VALUES (13,116629,'ESTUDOS EM SISTEMAS DE COMPUTACAO',1);
INSERT INTO `disciplinas` VALUES (14,116734,'ESTUDOS EM SISTEMAS DE INFORMACAO',1);
INSERT INTO `disciplinas` VALUES (15,113492,'FORMACAO DOCENTE EM COMPUTACAO',1);
INSERT INTO `disciplinas` VALUES (16,113450,'FUNDAMENTOS TEORICOS DA COMPUTACAO',1);
INSERT INTO `disciplinas` VALUES (17,204331,'GERENCIA E SEGURANCA DE REDES',1);
INSERT INTO `disciplinas` VALUES (18,116726,'INFORMATICA E SOCIEDADE',1);
INSERT INTO `disciplinas` VALUES (19,113913,'INTRODUCAO A CIENCIA DA COMPUTACAO',1);
INSERT INTO `disciplinas` VALUES (20,116491,'INTRODUCAO A COMPUTACAO SONICA',1);
INSERT INTO `disciplinas` VALUES (21,117528,'INTRODUCAO A ENGENHARIA DE COMPUTACAO',1);
INSERT INTO `disciplinas` VALUES (22,116793,'INTRODUCAO A MICROINFORMATICA',1);
INSERT INTO `disciplinas` VALUES (23,117315,'INTRODUCAO A PROGRAMACAO PARALELA',1);
INSERT INTO `disciplinas` VALUES (24,117552,'INTRODUCAO AO DESENVOLVIMENTO DE JOGOS',1);
INSERT INTO `disciplinas` VALUES (25,117242,'INTRODUCAO AO PROCESSAMENTO DE IMAGENS',1);
INSERT INTO `disciplinas` VALUES (26,113468,'INTRODUCAO AOS SISTEMAS COMPUTACIONAIS',1);
INSERT INTO `disciplinas` VALUES (27,116343,'LINGUAGENS DE PROGRAMACAO',1);
INSERT INTO `disciplinas` VALUES (28,117366,'LOGICA COMPUTACIONAL 1',1);
INSERT INTO `disciplinas` VALUES (29,201600,'METODOS DE PROGRAMACAO',1);
INSERT INTO `disciplinas` VALUES (30,117196,'MODELAGEM ORIENTADA A OBJETOS',1);
INSERT INTO `disciplinas` VALUES (31,116068,'NOCOES DE SISTEMAS OPERACIONAIS',1);
INSERT INTO `disciplinas` VALUES (32,116327,'ORGANIZACAO DE ARQUIVOS',1);
INSERT INTO `disciplinas` VALUES (33,116394,'ORGANIZACAO E ARQUITETURA DE COMPUTADORES',1);
INSERT INTO `disciplinas` VALUES (34,117595,'PRINCIPIOS DE VISAO COMPUTACIONAL',1);
INSERT INTO `disciplinas` VALUES (35,116599,'PROCESSAMENTO EM TEMPO REAL',1);
INSERT INTO `disciplinas` VALUES (36,117234,'PROGRAMACAO AVANCADA',1);
INSERT INTO `disciplinas` VALUES (37,116785,'PROGRAMACAO ORIENTADA A OBJETOS',1);
INSERT INTO `disciplinas` VALUES (38,113956,'PROGRAMACAO SISTEMATICA',1);
INSERT INTO `disciplinas` VALUES (39,116840,'PROJETO DE LICENCIATURA',1);
INSERT INTO `disciplinas` VALUES (40,116891,'PROJETO DE LICENCIATURA 1',1);
INSERT INTO `disciplinas` VALUES (41,116904,'PROJETO DE LICENCIATURA 2',1);
INSERT INTO `disciplinas` VALUES (42,117536,'PROJETO E ANALISE DE ALGORITMOS',1);
INSERT INTO `disciplinas` VALUES (43,207322,'PROJETO FINAL EM ENGENHARIA DE COMPUTACAO 1',1);
INSERT INTO `disciplinas` VALUES (44,207331,'PROJETO FINAL EM ENGENHARIA DE COMPUTACAO 2',1);
INSERT INTO `disciplinas` VALUES (45,116572,'REDES DE COMPUTADORES',1);
INSERT INTO `disciplinas` VALUES (46,116530,'SEGURANCA DE DADOS',1);
INSERT INTO `disciplinas` VALUES (47,206075,'SINAIS E SISTEMAS',1);
INSERT INTO `disciplinas` VALUES (48,116416,'SISTEMAS DE INFORMACAO',1);
INSERT INTO `disciplinas` VALUES (49,116467,'SISTEMAS OPERACIONAIS',1);
INSERT INTO `disciplinas` VALUES (50,116432,'SOFTWARE BASICO',1);
INSERT INTO `disciplinas` VALUES (51,117331,'SUPERVISAO DE ESTAGIO DE LICENCIATURA - COMPUTACAO',1);
INSERT INTO `disciplinas` VALUES (52,204315,'TELEINFORMATICA E REDES 1',1);
INSERT INTO `disciplinas` VALUES (53,204323,'TELEINFORMATICA E REDES 2',1);
INSERT INTO `disciplinas` VALUES (54,116360,'TEORIA DA COMPUTACAO',1);
INSERT INTO `disciplinas` VALUES (55,116823,'TEORIA E PRATICA PEDAGOGICA EM INFORMATICA 1',1);
INSERT INTO `disciplinas` VALUES (56,116831,'TEORIA E PRATICA PEDAGOGICA EM INFORMATICA 2',1);
INSERT INTO `disciplinas` VALUES (57,116297,'TOPICOS AVANCADOS EM COMPUTADORES',1);
INSERT INTO `disciplinas` VALUES (58,116475,'TRABALHO DE GRADUACAO',1);
INSERT INTO `disciplinas` VALUES (59,116912,'TRABALHO DE GRADUACAO 1',1);
INSERT INTO `disciplinas` VALUES (60,116921,'TRABALHO DE GRADUACAO 2',1);
INSERT INTO `disciplinas` VALUES (61,116459,'TRADUTORES',1);
INSERT INTO `disciplinas` VALUES (62,116424,'TRANSMISSAO DE DADOS',1);
CREATE TABLE "departamentos" ("id" INTEGER PRIMARY KEY AUTOINCREMENT NOT NULL, "codigo" integer, "sigla" varchar, "nome" varchar, "campu_id" integer);
INSERT INTO `departamentos` VALUES (1,116,'CIC','Departamento de Cincia de Computao',1);
CREATE TABLE "candidatos_turmas" ("candidato_id" integer NOT NULL, "turma_id" integer NOT NULL);
INSERT INTO `candidatos_turmas` VALUES (1,5);
INSERT INTO `candidatos_turmas` VALUES (2,5);
INSERT INTO `candidatos_turmas` VALUES (3,5);
INSERT INTO `candidatos_turmas` VALUES (4,5);
INSERT INTO `candidatos_turmas` VALUES (6,5);
INSERT INTO `candidatos_turmas` VALUES (5,5);
CREATE TABLE "candidatos" ("id" INTEGER PRIMARY KEY AUTOINCREMENT NOT NULL, "mencao" varchar, "aluno_id" integer, "avaliacao" integer);
INSERT INTO `candidatos` VALUES (1,'MS',1,2);
INSERT INTO `candidatos` VALUES (2,'SS',2,2);
INSERT INTO `candidatos` VALUES (3,'SS',3,2);
INSERT INTO `candidatos` VALUES (4,'MS',4,3);
INSERT INTO `candidatos` VALUES (5,'MS',6,3);
INSERT INTO `candidatos` VALUES (6,'MS',5,0);
CREATE TABLE "campus" ("id" INTEGER PRIMARY KEY AUTOINCREMENT NOT NULL, "codigo" integer, "nome" varchar);
INSERT INTO `campus` VALUES (1,1,'Darcy Ribeiro');
CREATE TABLE "alunos" ("id" INTEGER PRIMARY KEY AUTOINCREMENT NOT NULL, "nome" varchar(225) NOT NULL, "matricula" varchar(9) NOT NULL, "semestre" integer NOT NULL, "IRA" float DEFAULT 5.0 NOT NULL, "user_id" integer);
INSERT INTO `alunos` VALUES (1,'LUAN TALLES DA SILVA ARAUJO','100111483',10,5.0,'');
INSERT INTO `alunos` VALUES (2,'FARLEN RHENIR LIMA','100010610',10,4.99,48);
INSERT INTO `alunos` VALUES (3,'ROBERTA RENALLY','140161317',4,4.98,49);
INSERT INTO `alunos` VALUES (4,'CHRISTIAN WERNER','140134573',4,4.97,50);
INSERT INTO `alunos` VALUES (5,'JOS MARCOS VINCIUS A. SOIS','130143081',6,4.96,51);
INSERT INTO `alunos` VALUES (6,'PEDRO AURLIO COELHO','140158203',4,4.95,52);
CREATE UNIQUE INDEX "unique_schema_migrations" ON "schema_migrations" ("version");
CREATE UNIQUE INDEX "index_users_on_reset_password_token" ON "users" ("reset_password_token");
CREATE UNIQUE INDEX "index_users_on_email" ON "users" ("email");
CREATE UNIQUE INDEX "index_users_on_confirmation_token" ON "users" ("confirmation_token");
CREATE INDEX "index_turmas_on_disciplina_id" ON "turmas" ("disciplina_id");
CREATE UNIQUE INDEX "index_professors_on_reset_password_token" ON "professors" ("reset_password_token");
CREATE UNIQUE INDEX "index_professors_on_email" ON "professors" ("email");
CREATE INDEX "index_horarios_on_turma_id" ON "horarios" ("turma_id");
CREATE INDEX "index_docentes_turmas_on_turma_id" ON "docentes_turmas" ("turma_id");
CREATE INDEX "index_docentes_turmas_on_docente_id" ON "docentes_turmas" ("docente_id");
CREATE INDEX "index_disciplinas_on_departamento_id" ON "disciplinas" ("departamento_id");
CREATE INDEX "index_departamentos_on_campu_id" ON "departamentos" ("campu_id");
CREATE INDEX "index_candidatos_turmas_on_turma_id" ON "candidatos_turmas" ("turma_id");
CREATE INDEX "index_candidatos_turmas_on_candidato_id" ON "candidatos_turmas" ("candidato_id");
CREATE INDEX "index_candidatos_on_aluno_id" ON "candidatos" ("aluno_id");
COMMIT;
