PRAGMA foreign_keys=OFF;
BEGIN TRANSACTION;
CREATE TABLE "campus" ("id_cam" integer,"Nome" varchar);
CREATE TABLE "departamentos" ("id_dep" integer, "Sigla" varchar, "Nome" varchar,"id_cam" integer);
CREATE TABLE "disciplinas" ("id_dis" integer, "nome" varchar, "id_dep" integer);
CREATE TABLE "turmas" ("id_tur" varchar,"id_dis" integer);
CREATE TABLE "horarios" ("horario_e_local" varchar,"id_dis" integer,"id_tur" varchar);
CREATE TABLE "professores" ("professor" varchar, "id_dis" integer, "id_tur" varchar);
INSERT INTO "campus" VALUES(1,'Darcy Ribeiro');
INSERT INTO "departamentos" VALUES(116,'CIC','Departamento de Ciencia da Computacao',1);
INSERT INTO "disciplinas" VALUES(113476,'ALGORITMOS E PROGRAMACAO DE COMPUTADORES',116);
INSERT INTO "turmas" VALUES('A',113476);
INSERT INTO "horarios" VALUES('SEG 16:00 - 17:50 PAT AT 117',113476,'A');
INSERT INTO "horarios" VALUES('TER 16:00 - 17:50 PJC BT 093',113476,'A');
INSERT INTO "horarios" VALUES('QUI 16:00 - 17:50 PJC BT 093',113476,'A');
INSERT INTO "professores" VALUES('CARLA DENISE CASTANHO',113476,'A');
INSERT INTO "turmas" VALUES('B',113476);
INSERT INTO "horarios" VALUES('TER 19:00 - 20:40 PJC BT 044',113476,'B');
INSERT INTO "horarios" VALUES('QUA 19:00 - 20:40 PJC BT 117',113476,'B');
INSERT INTO "horarios" VALUES('QUI 19:00 - 20:40 PJC BT 069',113476,'B');
INSERT INTO "professores" VALUES('MARCIO DE CARVALHO VICTORINO',113476,'B');
INSERT INTO "turmas" VALUES('C',113476);
INSERT INTO "horarios" VALUES('SEG 08:00 - 09:50 PAT AT 092',113476,'C');
INSERT INTO "horarios" VALUES('TER 08:00 - 09:50 PAT AT 092',113476,'C');
INSERT INTO "horarios" VALUES('QUI 08:00 - 09:50 PAT AT 092',113476,'C');
INSERT INTO "professores" VALUES('GUILHERME NOVAES RAMOS',113476,'C');
INSERT INTO "turmas" VALUES('D',113476);
INSERT INTO "horarios" VALUES('SEG 14:00 - 15:50 PJC BT 108',113476,'D');
INSERT INTO "horarios" VALUES('QUA 10:00 - 11:50 PJC BT 036',113476,'D');
INSERT INTO "horarios" VALUES('SEX 10:00 - 11:50 PJC BT 036',113476,'D');
INSERT INTO "professores" VALUES('FRANCISCO DE ASSIS CARTAXO PINHEIRO',113476,'D');
INSERT INTO "turmas" VALUES('E',113476);
INSERT INTO "horarios" VALUES('SEG 14:00 - 15:50 PAT AT 117',113476,'E');
INSERT INTO "horarios" VALUES('QUA 14:00 - 15:50 PAT AT 117',113476,'E');
INSERT INTO "horarios" VALUES('SEX 14:00 - 15:50 PAT AT 117',113476,'E');
INSERT INTO "professores" VALUES('ALEXANDRE ZAGHETTO',113476,'E');
INSERT INTO "turmas" VALUES('F',113476);
INSERT INTO "horarios" VALUES('SEG 16:00 - 17:50 PJC BT 140',113476,'F');
INSERT INTO "horarios" VALUES('QUA 08:00 - 09:50 PJC BT 020',113476,'F');
INSERT INTO "horarios" VALUES('SEX 08:00 - 09:50 PJC BT 021',113476,'F');
INSERT INTO "professores" VALUES('FRANCISCO DE ASSIS CARTAXO PINHEIRO',113476,'F');
INSERT INTO "turmas" VALUES('G',113476);
INSERT INTO "horarios" VALUES('TER 14:00 - 15:50 PJC BT 140',113476,'G');
INSERT INTO "horarios" VALUES('QUA 14:00 - 15:50 PJC BT 108',113476,'G');
INSERT INTO "horarios" VALUES('QUI 14:00 - 15:50 PJC BT 140',113476,'G');
INSERT INTO "professores" VALUES('CARLA MARIA CHAGAS E CAVALCANTE KOIKE',113476,'G');
INSERT INTO "professores" VALUES('GUILHERME NOVAES RAMOS',113476,'G');
INSERT INTO "turmas" VALUES('H',113476);
INSERT INTO "horarios" VALUES('TER 19:00 - 20:50 PAT AT 100',113476,'H');
INSERT INTO "horarios" VALUES('QUA 19:00 - 20:50 PAT AT 044',113476,'H');
INSERT INTO "horarios" VALUES('QUI 19:00 - 20:50 PAT AT 100',113476,'H');
INSERT INTO "professores" VALUES('ANDRE COSTA DRUMMOND',113476,'H');
INSERT INTO "disciplinas" VALUES(117251,'ARQUITETURA DE PROCESSADORES DIGITAIS',116);
INSERT INTO "turmas" VALUES('A',117251);
INSERT INTO "horarios" VALUES('TER 19:00 - 20:40 PAT AT 013',117251,'A');
INSERT INTO "horarios" VALUES('QUI 19:00 - 20:40 PAT AT 013',117251,'A');
INSERT INTO "professores" VALUES('WILSON HENRIQUE VENEZIANO',117251,'A');
INSERT INTO "disciplinas" VALUES(116882,'AUTOMATOS E COMPUTABILIDADE',116);
INSERT INTO "turmas" VALUES('A',116882);
INSERT INTO "horarios" VALUES('SEG 16:00 - 17:50 PJC BT 108',116882,'A');
INSERT INTO "horarios" VALUES('QUA 16:00 - 17:50 PJC BT 108',116882,'A');
INSERT INTO "horarios" VALUES('QUI 16:00 - 17:50 PJC BT 108',116882,'A');
INSERT INTO "professores" VALUES('JORGE CARLOS LUCERO',116882,'A');
INSERT INTO "disciplinas" VALUES(116378,'BANCOS DE DADOS',116);
INSERT INTO "turmas" VALUES('A',116378);
INSERT INTO "horarios" VALUES('TER 14:00 - 15:50 PJC BT 125',116378,'A');
INSERT INTO "horarios" VALUES('QUI 14:00 - 15:50 PJC BT 125',116378,'A');
INSERT INTO "professores" VALUES('MARISTELA TERTO DE HOLANDA',116378,'A');
INSERT INTO "turmas" VALUES('B',116378);
INSERT INTO "horarios" VALUES('SEG 19:00 - 20:40 PAT AT 045',116378,'B');
INSERT INTO "horarios" VALUES('QUA 19:00 - 20:40 PAT AT 045',116378,'B');
INSERT INTO "professores" VALUES('PEDRO DE AZEVEDO BERGER',116378,'B');
INSERT INTO "disciplinas" VALUES(116351,'CIRCUITOS DIGITAIS',116);
INSERT INTO "turmas" VALUES('A',116351);
INSERT INTO "horarios" VALUES('TER 08:00 - 09:50 PAT AT 142/156',116351,'A');
INSERT INTO "horarios" VALUES('QUI 08:00 - 09:50 PAT AT 142/156',116351,'A');
INSERT INTO "horarios" VALUES('SEX 14:00 - 15:50 LINF. 1',116351,'A');
INSERT INTO "professores" VALUES('CAMILO CHANG DOREA',116351,'A');
INSERT INTO "professores" VALUES('CARLA MARIA CHAGAS E CAVALCANTE KOIKE',116351,'A');
INSERT INTO "turmas" VALUES('B',116351);
INSERT INTO "horarios" VALUES('TER 08:00 - 09:50 PAT AT 142/156',116351,'B');
INSERT INTO "horarios" VALUES('QUI 16:00 - 17:50 LINF. 1',116351,'B');
INSERT INTO "professores" VALUES('CAMILO CHANG DOREA',116351,'B');
INSERT INTO "professores" VALUES('CARLA MARIA CHAGAS E CAVALCANTE KOIKE',116351,'B');
INSERT INTO "turmas" VALUES('C',116351);
INSERT INTO "horarios" VALUES('TER 08:00 - 09:50 PAT AT 142/156',116351,'C');
INSERT INTO "horarios" VALUES('QUI 08:00 - 09:50 PAT AT 142/156',116351,'C');
INSERT INTO "horarios" VALUES('SEX 10:00 - 11:50 LINF. 1',116351,'C');
INSERT INTO "professores" VALUES('CARLA MARIA CHAGAS E CAVALCANTE KOIKE',116351,'C');
INSERT INTO "professores" VALUES('MARCUS VINICIUS LAMAR',116351,'C');
INSERT INTO "turmas" VALUES('D',116351);
INSERT INTO "horarios" VALUES('TER 08:00 - 09:50 PAT AT 142/156',116351,'D');
INSERT INTO "horarios" VALUES('QUI 08:00 - 09:50 PAT AT 142/156',116351,'D');
INSERT INTO "horarios" VALUES('SEX 08:00 - 09:50 LINF. 1',116351,'D');
INSERT INTO "professores" VALUES('CARLA MARIA CHAGAS E CAVALCANTE KOIKE',116351,'D');
INSERT INTO "professores" VALUES('MARCUS VINICIUS LAMAR',116351,'D');
INSERT INTO "disciplinas" VALUES(116441,'ENGENHARIA DE SOFTWARE',116);
INSERT INTO "turmas" VALUES('A',116441);
INSERT INTO "horarios" VALUES('TER 08:00 - 09:50 PAT AT 052',116441,'A');
INSERT INTO "horarios" VALUES('QUI 08:00 - 09:50 PAT AT 052',116441,'A');
INSERT INTO "professores" VALUES('FERNANDA LIMA',116441,'A');
INSERT INTO "turmas" VALUES('B',116441);
INSERT INTO "horarios" VALUES('SEG 20:50 - 22:30 PAT AT 020',116441,'B');
INSERT INTO "horarios" VALUES('QUA 20:50 - 22:30 PAT AT 020',116441,'B');
INSERT INTO "professores" VALUES('FERNANDO ANTONIO DE ARAUJO CHACON DE ALBUQUERQUE',116441,'B');
INSERT INTO "disciplinas" VALUES(117340,'ESTAGIO SUPERVISIONADO DE LICENCIATURA - COMPUTACAO',116);
INSERT INTO "turmas" VALUES('A',117340);
INSERT INTO "horarios" VALUES('TER 08:00 - 09:50 Local a Designar',117340,'A');
INSERT INTO "horarios" VALUES('QUI 08:00 - 09:50 Local a Designar',117340,'A');
INSERT INTO "horarios" VALUES('SEX 08:00 - 09:50 Local a Designar',117340,'A');
INSERT INTO "professores" VALUES('MARIA DE FATIMA RAMOS BRANDAO',117340,'A');
INSERT INTO "turmas" VALUES('B',117340);
INSERT INTO "horarios" VALUES('TER 08:00 - 09:50 Local a Designar',117340,'B');
INSERT INTO "horarios" VALUES('SAB 16:00 - 17:50 Local a Designar',117340,'B');
INSERT INTO "professores" VALUES('WILSON HENRIQUE VENEZIANO',117340,'B');
INSERT INTO "turmas" VALUES('C',117340);
INSERT INTO "horarios" VALUES('SEG 12:00 - 13:50 Local a Designar',117340,'C');
INSERT INTO "horarios" VALUES('TER 12:00 - 13:50 Local a Designar',117340,'C');
INSERT INTO "horarios" VALUES('QUA 12:00 - 13:50 Local a Designar',117340,'C');
INSERT INTO "professores" VALUES('FRANCISCO VILLA ULHOA BOTELHO',117340,'C');
INSERT INTO "turmas" VALUES('D',117340);
INSERT INTO "horarios" VALUES('SEG 12:00 - 13:50 Local a Designar',117340,'D');
INSERT INTO "horarios" VALUES('TER 12:00 - 13:50 Local a Designar',117340,'D');
INSERT INTO "horarios" VALUES('QUA 12:00 - 13:50 Local a Designar',117340,'D');
INSERT INTO "professores" VALUES('GISLANE PEREIRA SANTANA',117340,'D');
INSERT INTO "disciplinas" VALUES(207438,'ESTAGIO SUPERVISIONADO EM ENGENHARIA DE COMPUTACAO 1',116);
INSERT INTO "turmas" VALUES('A',207438);
INSERT INTO "horarios" VALUES('SEG 12:00 - 13:50 Local a Designar',207438,'A');
INSERT INTO "horarios" VALUES('TER 12:00 - 13:50 Local a Designar',207438,'A');
INSERT INTO "horarios" VALUES('QUA 12:00 - 13:50 Local a Designar',207438,'A');
INSERT INTO "horarios" VALUES('QUI 12:00 - 13:50 Local a Designar',207438,'A');
INSERT INTO "horarios" VALUES('SEX 12:00 - 13:50 Local a Designar',207438,'A');
INSERT INTO "professores" VALUES('RICARDO ZELENOVSKY',207438,'A');
INSERT INTO "disciplinas" VALUES(207314,'ESTAGIO SUPERVISIONADO EM ENGENHARIA DE COMPUTACAO 2',116);
INSERT INTO "turmas" VALUES('A',207314);
INSERT INTO "horarios" VALUES('SEG 12:00 - 13:50 Local a Designar',207314,'A');
INSERT INTO "horarios" VALUES('TER 12:00 - 13:50 Local a Designar',207314,'A');
INSERT INTO "horarios" VALUES('QUA 12:00 - 13:50 Local a Designar',207314,'A');
INSERT INTO "horarios" VALUES('QUI 12:00 - 13:50 Local a Designar',207314,'A');
INSERT INTO "horarios" VALUES('SEX 12:00 - 13:50 Local a Designar',207314,'A');
INSERT INTO "professores" VALUES('RICARDO ZELENOVSKY',207314,'A');
INSERT INTO "disciplinas" VALUES(116319,'ESTRUTURAS DE DADOS',116);
INSERT INTO "turmas" VALUES('A',116319);
INSERT INTO "horarios" VALUES('TER 10:00 - 11:50 PAT AT 133',116319,'A');
INSERT INTO "horarios" VALUES('QUI 10:00 - 11:50 PAT AT 133',116319,'A');
INSERT INTO "professores" VALUES('EDUARDO ADILIO PELINSON ALCHIERI',116319,'A');
INSERT INTO "turmas" VALUES('B',116319);
INSERT INTO "horarios" VALUES('TER 19:00 - 20:40 PJC BT 116',116319,'B');
INSERT INTO "horarios" VALUES('QUI 19:00 - 20:40 PJC BT 116',116319,'B');
INSERT INTO "professores" VALUES('LI WEIGANG',116319,'B');
INSERT INTO "turmas" VALUES('C',116319);
INSERT INTO "horarios" VALUES('QUA 10:00 - 11:50 PAT AT 013',116319,'C');
INSERT INTO "horarios" VALUES('SEX 10:00 - 11:50 PAT AT 013',116319,'C');
INSERT INTO "professores" VALUES('GERMANA MENEZES DA NOBREGA',116319,'C');
INSERT INTO "turmas" VALUES('E',116319);
INSERT INTO "horarios" VALUES('SEG 08:00 - 09:50 PAT AT 140',116319,'E');
INSERT INTO "horarios" VALUES('QUA 08:00 - 09:50 PAT AT 140',116319,'E');
INSERT INTO "professores" VALUES('GEORGE LUIZ MEDEIROS TEODORO',116319,'E');
INSERT INTO "turmas" VALUES('F',116319);
INSERT INTO "horarios" VALUES('SEG 16:00 - 17:50 PJC BT 125',116319,'F');
INSERT INTO "horarios" VALUES('QUA 16:00 - 17:50 PJC BT 125',116319,'F');
INSERT INTO "professores" VALUES('RODRIGO BONIFACIO DE ALMEIDA',116319,'F');
INSERT INTO "disciplinas" VALUES(116556,'ESTUDOS EM CODIFICACAO E CRIPTOGRAFIA',116);
INSERT INTO "turmas" VALUES('B',116556);
INSERT INTO "horarios" VALUES('SEG 12:00 - 13:50 Local a Designar',116556,'B');
INSERT INTO "horarios" VALUES('QUA 12:00 - 13:50 Local a Designar',116556,'B');
INSERT INTO "professores" VALUES('MARCELO LADEIRA',116556,'B');
INSERT INTO "turmas" VALUES('C',116556);
INSERT INTO "horarios" VALUES('TER 12:00 - 13:50 Local a Designar',116556,'C');
INSERT INTO "horarios" VALUES('QUI 12:00 - 13:50 Local a Designar',116556,'C');
INSERT INTO "professores" VALUES('FLAVIO LEONARDO CAVALCANTI DE MOURA',116556,'C');
INSERT INTO "turmas" VALUES('D',116556);
INSERT INTO "horarios" VALUES('TER 12:00 - 13:50 Local a Designar',116556,'D');
INSERT INTO "horarios" VALUES('QUI 12:00 - 13:50 Local a Designar',116556,'D');
INSERT INTO "professores" VALUES('PEDRO ANTONIO DOURADO DE REZENDE',116556,'D');
INSERT INTO "turmas" VALUES('E',116556);
INSERT INTO "horarios" VALUES('SEG 20:40 - 22:30 Local a Designar',116556,'E');
INSERT INTO "horarios" VALUES('QUA 20:40 - 22:30 Local a Designar',116556,'E');
INSERT INTO "professores" VALUES('RODRIGO BONIFACIO DE ALMEIDA',116556,'E');
INSERT INTO "turmas" VALUES('F',116556);
INSERT INTO "horarios" VALUES('TER 12:00 - 13:50 Local a Designar',116556,'F');
INSERT INTO "horarios" VALUES('QUI 12:00 - 13:50 Local a Designar',116556,'F');
INSERT INTO "professores" VALUES('EDUARDO ADILIO PELINSON ALCHIERI',116556,'F');
INSERT INTO "turmas" VALUES('G',116556);
INSERT INTO "horarios" VALUES('SEG 12:00 - 13:50 Local a Designar',116556,'G');
INSERT INTO "horarios" VALUES('QUA 12:00 - 13:50 Local a Designar',116556,'G');
INSERT INTO "professores" VALUES('EDUARDO ADILIO PELINSON ALCHIERI',116556,'G');
INSERT INTO "turmas" VALUES('H',116556);
INSERT INTO "horarios" VALUES('SEG 08:00 - 09:50 Local a Designar',116556,'H');
INSERT INTO "horarios" VALUES('TER 08:00 - 09:50 Local a Designar',116556,'H');
INSERT INTO "professores" VALUES('MARCUS VINICIUS LAMAR',116556,'H');
INSERT INTO "disciplinas" VALUES(116521,'ESTUDOS EM COMPUTACAO MULTIMIDIA',116);
INSERT INTO "turmas" VALUES('AZ',116521);
INSERT INTO "horarios" VALUES('SEG 12:00 - 13:50 Local a Designar',116521,'AZ');
INSERT INTO "horarios" VALUES('QUA 12:00 - 13:50 Local a Designar',116521,'AZ');
INSERT INTO "professores" VALUES('ALEXANDRE ZAGHETTO',116521,'AZ');
INSERT INTO "turmas" VALUES('B',116521);
INSERT INTO "horarios" VALUES('SEG 12:00 - 13:50 Local a Designar',116521,'B');
INSERT INTO "horarios" VALUES('QUA 12:00 - 13:50 Local a Designar',116521,'B');
INSERT INTO "professores" VALUES('MARCELO LADEIRA',116521,'B');
INSERT INTO "turmas" VALUES('BB',116521);
INSERT INTO "horarios" VALUES('SEG 12:00 - 13:50 Local a Designar',116521,'BB');
INSERT INTO "horarios" VALUES('QUA 12:00 - 13:50 Local a Designar',116521,'BB');
INSERT INTO "professores" VALUES('EDUARDO ADILIO PELINSON ALCHIERI',116521,'BB');
INSERT INTO "turmas" VALUES('CE',116521);
INSERT INTO "horarios" VALUES('TER 12:00 - 13:50 Local a Designar',116521,'CE');
INSERT INTO "horarios" VALUES('QUI 12:00 - 13:50 Local a Designar',116521,'CE');
INSERT INTO "professores" VALUES('CELIA GHEDINI RALHA',116521,'CE');
INSERT INTO "turmas" VALUES('E',116521);
INSERT INTO "horarios" VALUES('TER 12:00 - 13:50 Local a Designar',116521,'E');
INSERT INTO "horarios" VALUES('QUI 12:00 - 13:50 Local a Designar',116521,'E');
INSERT INTO "professores" VALUES('CARLA DENISE CASTANHO',116521,'E');
INSERT INTO "turmas" VALUES('EE',116521);
INSERT INTO "horarios" VALUES('SEG 12:00 - 13:50 Local a Designar',116521,'EE');
INSERT INTO "horarios" VALUES('TER 12:00 - 13:50 Local a Designar',116521,'EE');
INSERT INTO "professores" VALUES('EDUARDO ADILIO PELINSON ALCHIERI',116521,'EE');
INSERT INTO "turmas" VALUES('F',116521);
INSERT INTO "horarios" VALUES('SEG 12:00 - 13:50 Local a Designar',116521,'F');
INSERT INTO "horarios" VALUES('QUA 12:00 - 13:50 Local a Designar',116521,'F');
INSERT INTO "professores" VALUES('DIBIO LEANDRO BORGES',116521,'F');
INSERT INTO "turmas" VALUES('GG',116521);
INSERT INTO "horarios" VALUES('TER 12:00 - 13:50 Local a Designar',116521,'GG');
INSERT INTO "horarios" VALUES('QUI 12:00 - 13:50 Local a Designar',116521,'GG');
INSERT INTO "professores" VALUES('BRUNO LUIGGI MACCHIAVELLO ESPINOZA',116521,'GG');
INSERT INTO "turmas" VALUES('I',116521);
INSERT INTO "horarios" VALUES('SEG 12:00 - 13:50 Local a Designar',116521,'I');
INSERT INTO "horarios" VALUES('QUA 12:00 - 13:50 Local a Designar',116521,'I');
INSERT INTO "professores" VALUES('MARISTELA TERTO DE HOLANDA',116521,'I');
INSERT INTO "turmas" VALUES('J',116521);
INSERT INTO "horarios" VALUES('QUA 12:00 - 13:50 Local a Designar',116521,'J');
INSERT INTO "horarios" VALUES('SEX 12:00 - 13:50 Local a Designar',116521,'J');
INSERT INTO "professores" VALUES('JAN MENDONCA CORREA',116521,'J');
INSERT INTO "turmas" VALUES('L',116521);
INSERT INTO "horarios" VALUES('TER 12:00 - 13:50 Local a Designar',116521,'L');
INSERT INTO "horarios" VALUES('QUI 12:00 - 13:50 Local a Designar',116521,'L');
INSERT INTO "professores" VALUES('MARCUS VINICIUS LAMAR',116521,'L');
INSERT INTO "turmas" VALUES('M',116521);
INSERT INTO "horarios" VALUES('TER 12:00 - 13:50 Local a Designar',116521,'M');
INSERT INTO "horarios" VALUES('QUI 12:00 - 13:50 Local a Designar',116521,'M');
INSERT INTO "professores" VALUES('RICARDO PEZZUOL JACOBI',116521,'M');
INSERT INTO "turmas" VALUES('MM',116521);
INSERT INTO "horarios" VALUES('SEG 12:00 - 13:50 Local a Designar',116521,'MM');
INSERT INTO "horarios" VALUES('QUA 12:00 - 13:50 Local a Designar',116521,'MM');
INSERT INTO "professores" VALUES('MARIA EMILIA MACHADO TELLES WALTER',116521,'MM');
INSERT INTO "turmas" VALUES('N',116521);
INSERT INTO "horarios" VALUES('SEG 12:00 - 13:50 Local a Designar',116521,'N');
INSERT INTO "horarios" VALUES('QUA 12:00 - 13:50 Local a Designar',116521,'N');
INSERT INTO "professores" VALUES('FERNANDA LIMA',116521,'N');
INSERT INTO "turmas" VALUES('NN',116521);
INSERT INTO "horarios" VALUES('SEG 12:00 - 13:50 Local a Designar',116521,'NN');
INSERT INTO "horarios" VALUES('QUA 12:00 - 13:50 Local a Designar',116521,'NN');
INSERT INTO "professores" VALUES('FERNANDO ANTONIO DE ARAUJO CHACON DE ALBUQUERQUE',116521,'NN');
INSERT INTO "turmas" VALUES('O',116521);
INSERT INTO "horarios" VALUES('SEG 12:00 - 13:50 Local a Designar',116521,'O');
INSERT INTO "horarios" VALUES('QUA 12:00 - 13:50 Local a Designar',116521,'O');
INSERT INTO "professores" VALUES('PEDRO DE AZEVEDO BERGER',116521,'O');
INSERT INTO "turmas" VALUES('P',116521);
INSERT INTO "horarios" VALUES('SEG 12:00 - 13:50 Local a Designar',116521,'P');
INSERT INTO "horarios" VALUES('QUA 12:00 - 13:50 Local a Designar',116521,'P');
INSERT INTO "professores" VALUES('JOAO JOSE COSTA GONDIM',116521,'P');
INSERT INTO "turmas" VALUES('Q',116521);
INSERT INTO "horarios" VALUES('TER 12:00 - 13:50 Local a Designar',116521,'Q');
INSERT INTO "horarios" VALUES('QUI 12:00 - 13:50 Local a Designar',116521,'Q');
INSERT INTO "professores" VALUES('WILSON HENRIQUE VENEZIANO',116521,'Q');
INSERT INTO "turmas" VALUES('R',116521);
INSERT INTO "horarios" VALUES('SEG 12:00 - 13:50 Local a Designar',116521,'R');
INSERT INTO "horarios" VALUES('QUA 12:00 - 13:50 Local a Designar',116521,'R');
INSERT INTO "professores" VALUES('ALETEIA PATRICIA FAVACHO DE ARAUJO VON PAUMGARTTEN',116521,'R');
INSERT INTO "turmas" VALUES('S',116521);
INSERT INTO "horarios" VALUES('SEG 12:00 - 13:50 Local a Designar',116521,'S');
INSERT INTO "horarios" VALUES('QUA 12:00 - 13:50 Local a Designar',116521,'S');
INSERT INTO "professores" VALUES('FLAVIO DE BARROS VIDAL',116521,'S');
INSERT INTO "turmas" VALUES('T',116521);
INSERT INTO "horarios" VALUES('SEG 12:00 - 13:50 Local a Designar',116521,'T');
INSERT INTO "horarios" VALUES('QUA 12:00 - 13:50 Local a Designar',116521,'T');
INSERT INTO "professores" VALUES('MARCOS FAGUNDES CAETANO',116521,'T');
INSERT INTO "turmas" VALUES('U',116521);
INSERT INTO "horarios" VALUES('SEG 12:00 - 13:50 Local a Designar',116521,'U');
INSERT INTO "horarios" VALUES('QUA 12:00 - 13:50 Local a Designar',116521,'U');
INSERT INTO "professores" VALUES('ANDRE COSTA DRUMMOND',116521,'U');
INSERT INTO "disciplinas" VALUES(116661,'ESTUDOS EM INTELIGENCIA ARTIFICIAL',116);
INSERT INTO "turmas" VALUES('A',116661);
INSERT INTO "horarios" VALUES('SEG 12:00 - 13:50 Local a Designar',116661,'A');
INSERT INTO "horarios" VALUES('QUA 12:00 - 13:50 Local a Designar',116661,'A');
INSERT INTO "professores" VALUES('ALEXANDRE ZAGHETTO',116661,'A');
INSERT INTO "turmas" VALUES('AA',116661);
INSERT INTO "horarios" VALUES('SEG 12:00 - 13:50 Local a Designar',116661,'AA');
INSERT INTO "horarios" VALUES('QUA 12:00 - 13:50 Local a Designar',116661,'AA');
INSERT INTO "professores" VALUES('JOAO JOSE COSTA GONDIM',116661,'AA');
INSERT INTO "turmas" VALUES('B',116661);
INSERT INTO "horarios" VALUES('QUA 12:00 - 13:50 Local a Designar',116661,'B');
INSERT INTO "horarios" VALUES('SEX 12:00 - 13:50 Local a Designar',116661,'B');
INSERT INTO "professores" VALUES('CLAUDIA NALON',116661,'B');
INSERT INTO "turmas" VALUES('BB',116661);
INSERT INTO "horarios" VALUES('SEG 12:00 - 13:50 Local a Designar',116661,'BB');
INSERT INTO "horarios" VALUES('QUA 12:00 - 13:50 Local a Designar',116661,'BB');
INSERT INTO "professores" VALUES('CAMILO CHANG DOREA',116661,'BB');
INSERT INTO "turmas" VALUES('C',116661);
INSERT INTO "horarios" VALUES('SEG 12:00 - 13:50 Local a Designar',116661,'C');
INSERT INTO "horarios" VALUES('QUA 12:00 - 13:50 Local a Designar',116661,'C');
INSERT INTO "professores" VALUES('MARIA EMILIA MACHADO TELLES WALTER',116661,'C');
INSERT INTO "turmas" VALUES('CC',116661);
INSERT INTO "horarios" VALUES('SEG 08:00 - 09:50 Local a Designar',116661,'CC');
INSERT INTO "horarios" VALUES('TER 08:00 - 09:50 Local a Designar',116661,'CC');
INSERT INTO "professores" VALUES('CELIA GHEDINI RALHA',116661,'CC');
INSERT INTO "turmas" VALUES('D',116661);
INSERT INTO "horarios" VALUES('SEG 12:00 - 13:50 Local a Designar',116661,'D');
INSERT INTO "horarios" VALUES('QUA 12:00 - 13:50 Local a Designar',116661,'D');
INSERT INTO "professores" VALUES('ALBA CRISTINA MAGALHAES ALVES DE MELO',116661,'D');
INSERT INTO "turmas" VALUES('DD',116661);
INSERT INTO "horarios" VALUES('TER 12:00 - 13:50 Local a Designar',116661,'DD');
INSERT INTO "horarios" VALUES('QUI 12:00 - 13:50 Local a Designar',116661,'DD');
INSERT INTO "professores" VALUES('CELIA GHEDINI RALHA',116661,'DD');
INSERT INTO "turmas" VALUES('E',116661);
INSERT INTO "horarios" VALUES('SEG 12:00 - 13:50 Local a Designar',116661,'E');
INSERT INTO "horarios" VALUES('QUA 12:00 - 13:50 Local a Designar',116661,'E');
INSERT INTO "professores" VALUES('MARCELO LADEIRA',116661,'E');
INSERT INTO "turmas" VALUES('EE',116661);
INSERT INTO "horarios" VALUES('SEG 12:00 - 13:50 Local a Designar',116661,'EE');
INSERT INTO "horarios" VALUES('TER 12:00 - 13:50 Local a Designar',116661,'EE');
INSERT INTO "professores" VALUES('EDUARDO ADILIO PELINSON ALCHIERI',116661,'EE');
INSERT INTO "turmas" VALUES('F',116661);
INSERT INTO "horarios" VALUES('SEG 12:00 - 13:50 Local a Designar',116661,'F');
INSERT INTO "horarios" VALUES('QUA 12:00 - 13:50 Local a Designar',116661,'F');
INSERT INTO "professores" VALUES('LI WEIGANG',116661,'F');
INSERT INTO "turmas" VALUES('FF',116661);
INSERT INTO "horarios" VALUES('TER 12:00 - 13:50 Local a Designar',116661,'FF');
INSERT INTO "horarios" VALUES('QUI 12:00 - 13:50 Local a Designar',116661,'FF');
INSERT INTO "professores" VALUES('CELIA GHEDINI RALHA',116661,'FF');
INSERT INTO "turmas" VALUES('G',116661);
INSERT INTO "horarios" VALUES('SEG 12:00 - 13:50 Local a Designar',116661,'G');
INSERT INTO "horarios" VALUES('QUA 12:00 - 13:50 Local a Designar',116661,'G');
INSERT INTO "professores" VALUES('DIBIO LEANDRO BORGES',116661,'G');
INSERT INTO "turmas" VALUES('I',116661);
INSERT INTO "horarios" VALUES('SEG 12:00 - 13:50 Local a Designar',116661,'I');
INSERT INTO "horarios" VALUES('QUA 12:00 - 13:50 Local a Designar',116661,'I');
INSERT INTO "professores" VALUES('FERNANDO ANTONIO DE ARAUJO CHACON DE ALBUQUERQUE',116661,'I');
INSERT INTO "turmas" VALUES('J',116661);
INSERT INTO "horarios" VALUES('SEG 12:00 - 13:50 Local a Designar',116661,'J');
INSERT INTO "horarios" VALUES('QUA 12:00 - 13:50 Local a Designar',116661,'J');
INSERT INTO "professores" VALUES('BRUNO LUIGGI MACCHIAVELLO ESPINOZA',116661,'J');
INSERT INTO "turmas" VALUES('K',116661);
INSERT INTO "horarios" VALUES('SEG 12:00 - 13:50 Local a Designar',116661,'K');
INSERT INTO "horarios" VALUES('QUA 12:00 - 13:50 Local a Designar',116661,'K');
INSERT INTO "professores" VALUES('MARCUS VINICIUS LAMAR',116661,'K');
INSERT INTO "turmas" VALUES('L',116661);
INSERT INTO "horarios" VALUES('SEG 12:00 - 13:50 Local a Designar',116661,'L');
INSERT INTO "horarios" VALUES('QUA 12:00 - 13:50 Local a Designar',116661,'L');
INSERT INTO "professores" VALUES('MARIA DE FATIMA RAMOS BRANDAO',116661,'L');
INSERT INTO "turmas" VALUES('M',116661);
INSERT INTO "horarios" VALUES('TER 12:00 - 13:50 Local a Designar',116661,'M');
INSERT INTO "horarios" VALUES('QUI 12:00 - 13:50 Local a Designar',116661,'M');
INSERT INTO "professores" VALUES('GUILHERME NOVAES RAMOS',116661,'M');
INSERT INTO "turmas" VALUES('MM',116661);
INSERT INTO "horarios" VALUES('SEG 08:00 - 09:50 Local a Designar',116661,'MM');
INSERT INTO "horarios" VALUES('TER 08:00 - 09:50 Local a Designar',116661,'MM');
INSERT INTO "professores" VALUES('MARCOS FAGUNDES CAETANO',116661,'MM');
INSERT INTO "turmas" VALUES('N',116661);
INSERT INTO "horarios" VALUES('TER 12:00 - 13:50 Local a Designar',116661,'N');
INSERT INTO "horarios" VALUES('QUI 12:00 - 13:50 Local a Designar',116661,'N');
INSERT INTO "professores" VALUES('PEDRO DE AZEVEDO BERGER',116661,'N');
INSERT INTO "turmas" VALUES('O',116661);
INSERT INTO "horarios" VALUES('TER 12:00 - 13:50 Local a Designar',116661,'O');
INSERT INTO "horarios" VALUES('QUI 12:00 - 13:50 Local a Designar',116661,'O');
INSERT INTO "professores" VALUES('FLAVIO LEONARDO CAVALCANTI DE MOURA',116661,'O');
INSERT INTO "turmas" VALUES('P',116661);
INSERT INTO "horarios" VALUES('TER 12:00 - 13:50 Local a Designar',116661,'P');
INSERT INTO "horarios" VALUES('QUI 12:00 - 13:50 Local a Designar',116661,'P');
INSERT INTO "professores" VALUES('CARLA MARIA CHAGAS E CAVALCANTE KOIKE',116661,'P');
INSERT INTO "turmas" VALUES('Q',116661);
INSERT INTO "horarios" VALUES('TER 12:00 - 13:50 Local a Designar',116661,'Q');
INSERT INTO "horarios" VALUES('QUI 12:00 - 13:50 Local a Designar',116661,'Q');
INSERT INTO "professores" VALUES('JAN MENDONCA CORREA',116661,'Q');
INSERT INTO "turmas" VALUES('R',116661);
INSERT INTO "horarios" VALUES('SEG 19:00 - 20:50 Local a Designar',116661,'R');
INSERT INTO "horarios" VALUES('SAB 14:00 - 15:50 Local a Designar',116661,'R');
INSERT INTO "professores" VALUES('MARIA DE FATIMA RAMOS BRANDAO',116661,'R');
INSERT INTO "turmas" VALUES('T',116661);
INSERT INTO "horarios" VALUES('SEG 12:00 - 13:50 Local a Designar',116661,'T');
INSERT INTO "horarios" VALUES('QUA 12:00 - 13:50 Local a Designar',116661,'T');
INSERT INTO "professores" VALUES('CARLA DENISE CASTANHO',116661,'T');
INSERT INTO "turmas" VALUES('U',116661);
INSERT INTO "horarios" VALUES('SEG 12:00 - 13:50 Local a Designar',116661,'U');
INSERT INTO "horarios" VALUES('QUA 12:00 - 13:50 Local a Designar',116661,'U');
INSERT INTO "professores" VALUES('MARISTELA TERTO DE HOLANDA',116661,'U');
INSERT INTO "turmas" VALUES('V',116661);
INSERT INTO "horarios" VALUES('TER 12:00 - 13:50 Local a Designar',116661,'V');
INSERT INTO "horarios" VALUES('QUI 12:00 - 13:50 Local a Designar',116661,'V');
INSERT INTO "professores" VALUES('ALETEIA PATRICIA FAVACHO DE ARAUJO VON PAUMGARTTEN',116661,'V');
INSERT INTO "turmas" VALUES('W',116661);
INSERT INTO "horarios" VALUES('SEG 12:00 - 13:50 Local a Designar',116661,'W');
INSERT INTO "horarios" VALUES('QUA 12:00 - 13:50 Local a Designar',116661,'W');
INSERT INTO "professores" VALUES('WILSON HENRIQUE VENEZIANO',116661,'W');
INSERT INTO "turmas" VALUES('X',116661);
INSERT INTO "horarios" VALUES('SEG 12:00 - 13:50 Local a Designar',116661,'X');
INSERT INTO "horarios" VALUES('QUA 12:00 - 13:50 Local a Designar',116661,'X');
INSERT INTO "professores" VALUES('FLAVIO DE BARROS VIDAL',116661,'X');
INSERT INTO "turmas" VALUES('Y',116661);
INSERT INTO "horarios" VALUES('SEG 12:00 - 13:50 Local a Designar',116661,'Y');
INSERT INTO "horarios" VALUES('QUA 12:00 - 13:50 Local a Designar',116661,'Y');
INSERT INTO "professores" VALUES('ANDRE COSTA DRUMMOND',116661,'Y');
INSERT INTO "turmas" VALUES('Z',116661);
INSERT INTO "horarios" VALUES('QUA 12:00 - 13:50 Local a Designar',116661,'Z');
INSERT INTO "horarios" VALUES('SEX 12:00 - 13:50 Local a Designar',116661,'Z');
INSERT INTO "professores" VALUES('RODRIGO BONIFACIO DE ALMEIDA',116661,'Z');
INSERT INTO "disciplinas" VALUES(116629,'ESTUDOS EM SISTEMAS DE COMPUTACAO',116);
INSERT INTO "turmas" VALUES('AZ',116629);
INSERT INTO "horarios" VALUES('TER 12:00 - 13:50 Local a Designar',116629,'AZ');
INSERT INTO "horarios" VALUES('QUI 12:00 - 13:50 Local a Designar',116629,'AZ');
INSERT INTO "professores" VALUES('ALEXANDRE ZAGHETTO',116629,'AZ');
INSERT INTO "turmas" VALUES('B',116629);
INSERT INTO "horarios" VALUES('TER 12:00 - 13:50 Local a Designar',116629,'B');
INSERT INTO "horarios" VALUES('QUI 12:00 - 13:50 Local a Designar',116629,'B');
INSERT INTO "professores" VALUES('JOAO JOSE COSTA GONDIM',116629,'B');
INSERT INTO "turmas" VALUES('BB',116629);
INSERT INTO "horarios" VALUES('TER 12:00 - 13:50 Local a Designar',116629,'BB');
INSERT INTO "horarios" VALUES('QUI 12:00 - 13:50 Local a Designar',116629,'BB');
INSERT INTO "professores" VALUES('RICARDO PEZZUOL JACOBI',116629,'BB');
INSERT INTO "turmas" VALUES('C',116629);
INSERT INTO "horarios" VALUES('TER 12:00 - 13:50 Local a Designar',116629,'C');
INSERT INTO "horarios" VALUES('QUI 12:00 - 13:50 Local a Designar',116629,'C');
INSERT INTO "professores" VALUES('ALBA CRISTINA MAGALHAES ALVES DE MELO',116629,'C');
INSERT INTO "turmas" VALUES('CC',116629);
INSERT INTO "horarios" VALUES('TER 12:00 - 13:50 Local a Designar',116629,'CC');
INSERT INTO "horarios" VALUES('QUI 12:00 - 13:50 Local a Designar',116629,'CC');
INSERT INTO "professores" VALUES('GERMANA MENEZES DA NOBREGA',116629,'CC');
INSERT INTO "turmas" VALUES('D',116629);
INSERT INTO "horarios" VALUES('TER 12:00 - 13:50 Local a Designar',116629,'D');
INSERT INTO "horarios" VALUES('QUI 12:00 - 13:50 Local a Designar',116629,'D');
INSERT INTO "professores" VALUES('MARIA EMILIA MACHADO TELLES WALTER',116629,'D');
INSERT INTO "turmas" VALUES('DD',116629);
INSERT INTO "horarios" VALUES('SEG 12:00 - 13:50 Local a Designar',116629,'DD');
INSERT INTO "horarios" VALUES('QUA 12:00 - 13:50 Local a Designar',116629,'DD');
INSERT INTO "professores" VALUES('RODRIGO BONIFACIO DE ALMEIDA',116629,'DD');
INSERT INTO "turmas" VALUES('E',116629);
INSERT INTO "horarios" VALUES('TER 12:00 - 13:50 Local a Designar',116629,'E');
INSERT INTO "horarios" VALUES('QUI 12:00 - 13:50 Local a Designar',116629,'E');
INSERT INTO "professores" VALUES('FRANCISCO DE ASSIS CARTAXO PINHEIRO',116629,'E');
INSERT INTO "turmas" VALUES('EE',116629);
INSERT INTO "horarios" VALUES('TER 12:00 - 13:50 Local a Designar',116629,'EE');
INSERT INTO "horarios" VALUES('QUI 12:00 - 13:50 Local a Designar',116629,'EE');
INSERT INTO "professores" VALUES('WILSON HENRIQUE VENEZIANO',116629,'EE');
INSERT INTO "turmas" VALUES('F',116629);
INSERT INTO "horarios" VALUES('TER 12:00 - 13:50 Local a Designar',116629,'F');
INSERT INTO "horarios" VALUES('QUI 12:00 - 13:50 Local a Designar',116629,'F');
INSERT INTO "professores" VALUES('PEDRO DE AZEVEDO BERGER',116629,'F');
INSERT INTO "turmas" VALUES('FF',116629);
INSERT INTO "horarios" VALUES('TER 12:00 - 13:50 Local a Designar',116629,'FF');
INSERT INTO "horarios" VALUES('QUI 12:00 - 13:50 Local a Designar',116629,'FF');
INSERT INTO "professores" VALUES('VANDER RAMOS ALVES',116629,'FF');
INSERT INTO "turmas" VALUES('G',116629);
INSERT INTO "horarios" VALUES('TER 12:00 - 13:50 Local a Designar',116629,'G');
INSERT INTO "horarios" VALUES('QUI 12:00 - 13:50 Local a Designar',116629,'G');
INSERT INTO "professores" VALUES('GERSON HENRIQUE PFITSCHER',116629,'G');
INSERT INTO "turmas" VALUES('GG',116629);
INSERT INTO "horarios" VALUES('TER 12:00 - 13:50 Local a Designar',116629,'GG');
INSERT INTO "horarios" VALUES('QUI 12:00 - 13:50 Local a Designar',116629,'GG');
INSERT INTO "professores" VALUES('DIEGO DE FREITAS ARANHA',116629,'GG');
INSERT INTO "turmas" VALUES('H',116629);
INSERT INTO "horarios" VALUES('TER 12:00 - 13:50 Local a Designar',116629,'H');
INSERT INTO "horarios" VALUES('QUI 12:00 - 13:50 Local a Designar',116629,'H');
INSERT INTO "professores" VALUES('MARCELO LADEIRA',116629,'H');
INSERT INTO "turmas" VALUES('HH',116629);
INSERT INTO "horarios" VALUES('TER 12:00 - 13:50 Local a Designar',116629,'HH');
INSERT INTO "horarios" VALUES('QUI 12:00 - 13:50 Local a Designar',116629,'HH');
INSERT INTO "professores" VALUES('MARCOS FAGUNDES CAETANO',116629,'HH');
INSERT INTO "turmas" VALUES('I',116629);
INSERT INTO "horarios" VALUES('TER 12:00 - 13:50 Local a Designar',116629,'I');
INSERT INTO "horarios" VALUES('QUI 12:00 - 13:50 Local a Designar',116629,'I');
INSERT INTO "professores" VALUES('JACIR LUIZ BORDIM',116629,'I');
INSERT INTO "turmas" VALUES('II',116629);
INSERT INTO "horarios" VALUES('TER 12:00 - 13:50 Local a Designar',116629,'II');
INSERT INTO "horarios" VALUES('QUI 12:00 - 13:50 Local a Designar',116629,'II');
INSERT INTO "professores" VALUES('FLAVIO DE BARROS VIDAL',116629,'II');
INSERT INTO "turmas" VALUES('K',116629);
INSERT INTO "horarios" VALUES('TER 12:00 - 13:50 Local a Designar',116629,'K');
INSERT INTO "horarios" VALUES('QUI 12:00 - 13:50 Local a Designar',116629,'K');
INSERT INTO "professores" VALUES('JORGE HENRIQUE CABRAL FERNANDES',116629,'K');
INSERT INTO "turmas" VALUES('KK',116629);
INSERT INTO "horarios" VALUES('TER 12:00 - 13:50 Local a Designar',116629,'KK');
INSERT INTO "horarios" VALUES('QUI 12:00 - 13:50 Local a Designar',116629,'KK');
INSERT INTO "professores" VALUES('EDUARDO ADILIO PELINSON ALCHIERI',116629,'KK');
INSERT INTO "turmas" VALUES('L',116629);
INSERT INTO "horarios" VALUES('TER 12:00 - 13:50 Local a Designar',116629,'L');
INSERT INTO "horarios" VALUES('QUI 12:00 - 13:50 Local a Designar',116629,'L');
INSERT INTO "professores" VALUES('MARCUS VINICIUS LAMAR',116629,'L');
INSERT INTO "turmas" VALUES('LL',116629);
INSERT INTO "horarios" VALUES('TER 12:00 - 13:50 Local a Designar',116629,'LL');
INSERT INTO "horarios" VALUES('QUI 12:00 - 13:50 Local a Designar',116629,'LL');
INSERT INTO "professores" VALUES('CAMILO CHANG DOREA',116629,'LL');
INSERT INTO "turmas" VALUES('M',116629);
INSERT INTO "horarios" VALUES('TER 12:00 - 13:50 Local a Designar',116629,'M');
INSERT INTO "horarios" VALUES('QUI 12:00 - 13:50 Local a Designar',116629,'M');
INSERT INTO "professores" VALUES('LI WEIGANG',116629,'M');
INSERT INTO "turmas" VALUES('MM',116629);
INSERT INTO "horarios" VALUES('TER 12:00 - 13:50 Local a Designar',116629,'MM');
INSERT INTO "horarios" VALUES('QUI 12:00 - 13:50 Local a Designar',116629,'MM');
INSERT INTO "professores" VALUES('BRUNO LUIGGI MACCHIAVELLO ESPINOZA',116629,'MM');
INSERT INTO "turmas" VALUES('NN',116629);
INSERT INTO "horarios" VALUES('SEG 12:00 - 13:50 Local a Designar',116629,'NN');
INSERT INTO "horarios" VALUES('TER 12:00 - 13:50 Local a Designar',116629,'NN');
INSERT INTO "professores" VALUES('CLAUDIA NALON',116629,'NN');
INSERT INTO "turmas" VALUES('O',116629);
INSERT INTO "horarios" VALUES('TER 12:00 - 13:50 Local a Designar',116629,'O');
INSERT INTO "horarios" VALUES('QUI 12:00 - 13:50 Local a Designar',116629,'O');
INSERT INTO "professores" VALUES('CARLA DENISE CASTANHO',116629,'O');
INSERT INTO "turmas" VALUES('OO',116629);
INSERT INTO "horarios" VALUES('SEG 12:00 - 13:50 Local a Designar',116629,'OO');
INSERT INTO "horarios" VALUES('QUA 12:00 - 13:50 Local a Designar',116629,'OO');
INSERT INTO "professores" VALUES('CELIA GHEDINI RALHA',116629,'OO');
INSERT INTO "turmas" VALUES('P',116629);
INSERT INTO "horarios" VALUES('SEG 12:00 - 13:50 Local a Designar',116629,'P');
INSERT INTO "horarios" VALUES('QUA 12:00 - 13:50 Local a Designar',116629,'P');
INSERT INTO "professores" VALUES('PRISCILA AMERICA SOLIS MENDEZ BARRETO',116629,'P');
INSERT INTO "turmas" VALUES('Q',116629);
INSERT INTO "horarios" VALUES('SEG 12:00 - 13:50 Local a Designar',116629,'Q');
INSERT INTO "horarios" VALUES('QUA 12:00 - 13:50 Local a Designar',116629,'Q');
INSERT INTO "professores" VALUES('JORGE CARLOS LUCERO',116629,'Q');
INSERT INTO "turmas" VALUES('R',116629);
INSERT INTO "horarios" VALUES('TER 12:00 - 13:50 Local a Designar',116629,'R');
INSERT INTO "horarios" VALUES('QUI 12:00 - 13:50 Local a Designar',116629,'R');
INSERT INTO "professores" VALUES('CARLA MARIA CHAGAS E CAVALCANTE KOIKE',116629,'R');
INSERT INTO "turmas" VALUES('T',116629);
INSERT INTO "horarios" VALUES('TER 12:00 - 13:50 Local a Designar',116629,'T');
INSERT INTO "horarios" VALUES('QUI 12:00 - 13:50 Local a Designar',116629,'T');
INSERT INTO "professores" VALUES('FERNANDO ANTONIO DE ARAUJO CHACON DE ALBUQUERQUE',116629,'T');
INSERT INTO "turmas" VALUES('U',116629);
INSERT INTO "horarios" VALUES('TER 12:00 - 13:50 Local a Designar',116629,'U');
INSERT INTO "horarios" VALUES('QUI 12:00 - 13:50 Local a Designar',116629,'U');
INSERT INTO "professores" VALUES('FLAVIO LEONARDO CAVALCANTI DE MOURA',116629,'U');
INSERT INTO "turmas" VALUES('V',116629);
INSERT INTO "horarios" VALUES('TER 12:00 - 13:50 Local a Designar',116629,'V');
INSERT INTO "horarios" VALUES('QUI 12:00 - 13:50 Local a Designar',116629,'V');
INSERT INTO "professores" VALUES('JAN MENDONCA CORREA',116629,'V');
INSERT INTO "turmas" VALUES('W',116629);
INSERT INTO "horarios" VALUES('TER 12:00 - 13:50 Local a Designar',116629,'W');
INSERT INTO "horarios" VALUES('QUI 12:00 - 13:50 Local a Designar',116629,'W');
INSERT INTO "professores" VALUES('ANDRE COSTA DRUMMOND',116629,'W');
INSERT INTO "turmas" VALUES('X',116629);
INSERT INTO "horarios" VALUES('SEG 12:00 - 13:50 Local a Designar',116629,'X');
INSERT INTO "horarios" VALUES('QUA 12:00 - 13:50 Local a Designar',116629,'X');
INSERT INTO "professores" VALUES('FERNANDA LIMA',116629,'X');
INSERT INTO "turmas" VALUES('Y',116629);
INSERT INTO "horarios" VALUES('TER 12:00 - 13:50 Local a Designar',116629,'Y');
INSERT INTO "horarios" VALUES('QUI 12:00 - 13:50 Local a Designar',116629,'Y');
INSERT INTO "professores" VALUES('MARISTELA TERTO DE HOLANDA',116629,'Y');
INSERT INTO "turmas" VALUES('Z',116629);
INSERT INTO "horarios" VALUES('TER 12:00 - 13:50 Local a Designar',116629,'Z');
INSERT INTO "horarios" VALUES('QUI 12:00 - 13:50 Local a Designar',116629,'Z');
INSERT INTO "professores" VALUES('GENAINA NUNES RODRIGUES',116629,'Z');
INSERT INTO "disciplinas" VALUES(116734,'ESTUDOS EM SISTEMAS DE INFORMACAO',116);
INSERT INTO "turmas" VALUES('A',116734);
INSERT INTO "horarios" VALUES('TER 12:00 - 13:50 Local a Designar',116734,'A');
INSERT INTO "horarios" VALUES('QUI 12:00 - 13:50 Local a Designar',116734,'A');
INSERT INTO "professores" VALUES('PEDRO ANTONIO DOURADO DE REZENDE',116734,'A');
INSERT INTO "turmas" VALUES('AA',116734);
INSERT INTO "horarios" VALUES('TER 12:00 - 13:50 Local a Designar',116734,'AA');
INSERT INTO "horarios" VALUES('QUI 12:00 - 13:50 Local a Designar',116734,'AA');
INSERT INTO "professores" VALUES('MARCUS VINICIUS LAMAR',116734,'AA');
INSERT INTO "turmas" VALUES('AZ',116734);
INSERT INTO "horarios" VALUES('TER 12:00 - 13:50 Local a Designar',116734,'AZ');
INSERT INTO "horarios" VALUES('QUI 12:00 - 13:50 Local a Designar',116734,'AZ');
INSERT INTO "professores" VALUES('ALEXANDRE ZAGHETTO',116734,'AZ');
INSERT INTO "turmas" VALUES('B',116734);
INSERT INTO "horarios" VALUES('TER 12:00 - 13:50 Local a Designar',116734,'B');
INSERT INTO "horarios" VALUES('QUI 12:00 - 13:50 Local a Designar',116734,'B');
INSERT INTO "professores" VALUES('GERSON HENRIQUE PFITSCHER',116734,'B');
INSERT INTO "turmas" VALUES('BB',116734);
INSERT INTO "horarios" VALUES('TER 12:00 - 13:50 Local a Designar',116734,'BB');
INSERT INTO "horarios" VALUES('QUI 12:00 - 13:50 Local a Designar',116734,'BB');
INSERT INTO "professores" VALUES('RODRIGO BONIFACIO DE ALMEIDA',116734,'BB');
INSERT INTO "turmas" VALUES('C',116734);
INSERT INTO "horarios" VALUES('TER 12:00 - 13:50 Local a Designar',116734,'C');
INSERT INTO "horarios" VALUES('QUI 12:00 - 13:50 Local a Designar',116734,'C');
INSERT INTO "professores" VALUES('DIEGO DE FREITAS ARANHA',116734,'C');
INSERT INTO "turmas" VALUES('CC',116734);
INSERT INTO "horarios" VALUES('TER 12:00 - 13:50 Local a Designar',116734,'CC');
INSERT INTO "horarios" VALUES('QUI 12:00 - 13:50 Local a Designar',116734,'CC');
INSERT INTO "professores" VALUES('MARCOS FAGUNDES CAETANO',116734,'CC');
INSERT INTO "turmas" VALUES('D',116734);
INSERT INTO "horarios" VALUES('TER 12:00 - 13:50 Local a Designar',116734,'D');
INSERT INTO "horarios" VALUES('QUI 12:00 - 13:50 Local a Designar',116734,'D');
INSERT INTO "professores" VALUES('JORGE HENRIQUE CABRAL FERNANDES',116734,'D');
INSERT INTO "turmas" VALUES('DD',116734);
INSERT INTO "horarios" VALUES('TER 12:00 - 13:50 Local a Designar',116734,'DD');
INSERT INTO "horarios" VALUES('QUI 12:00 - 13:50 Local a Designar',116734,'DD');
INSERT INTO "professores" VALUES('CLAUDIA NALON',116734,'DD');
INSERT INTO "turmas" VALUES('E',116734);
INSERT INTO "horarios" VALUES('TER 12:00 - 13:50 Local a Designar',116734,'E');
INSERT INTO "horarios" VALUES('QUI 12:00 - 13:50 Local a Designar',116734,'E');
INSERT INTO "professores" VALUES('MARCELO LADEIRA',116734,'E');
INSERT INTO "turmas" VALUES('EE',116734);
INSERT INTO "horarios" VALUES('TER 12:00 - 13:50 Local a Designar',116734,'EE');
INSERT INTO "horarios" VALUES('QUI 12:00 - 13:50 Local a Designar',116734,'EE');
INSERT INTO "professores" VALUES('FLAVIO DE BARROS VIDAL',116734,'EE');
INSERT INTO "turmas" VALUES('F',116734);
INSERT INTO "horarios" VALUES('TER 12:00 - 13:50 Local a Designar',116734,'F');
INSERT INTO "horarios" VALUES('QUI 12:00 - 13:50 Local a Designar',116734,'F');
INSERT INTO "professores" VALUES('FRANCISCO DE ASSIS CARTAXO PINHEIRO',116734,'F');
INSERT INTO "turmas" VALUES('FF',116734);
INSERT INTO "horarios" VALUES('SEG 12:00 - 13:50 Local a Designar',116734,'FF');
INSERT INTO "horarios" VALUES('QUA 12:00 - 13:50 Local a Designar',116734,'FF');
INSERT INTO "professores" VALUES('CELIA GHEDINI RALHA',116734,'FF');
INSERT INTO "turmas" VALUES('G',116734);
INSERT INTO "horarios" VALUES('TER 12:00 - 13:50 Local a Designar',116734,'G');
INSERT INTO "horarios" VALUES('QUI 12:00 - 13:50 Local a Designar',116734,'G');
INSERT INTO "professores" VALUES('LI WEIGANG',116734,'G');
INSERT INTO "turmas" VALUES('GG',116734);
INSERT INTO "horarios" VALUES('SEG 12:00 - 13:50 Local a Designar',116734,'GG');
INSERT INTO "horarios" VALUES('QUA 12:00 - 13:50 Local a Designar',116734,'GG');
INSERT INTO "professores" VALUES('ANDRE COSTA DRUMMOND',116734,'GG');
INSERT INTO "turmas" VALUES('H',116734);
INSERT INTO "horarios" VALUES('SEG 12:00 - 13:50 Local a Designar',116734,'H');
INSERT INTO "horarios" VALUES('QUA 12:00 - 13:50 Local a Designar',116734,'H');
INSERT INTO "professores" VALUES('JACIR LUIZ BORDIM',116734,'H');
INSERT INTO "turmas" VALUES('HH',116734);
INSERT INTO "horarios" VALUES('SEG 12:00 - 13:50 Local a Designar',116734,'HH');
INSERT INTO "horarios" VALUES('QUA 12:00 - 13:50 Local a Designar',116734,'HH');
INSERT INTO "professores" VALUES('EDUARDO ADILIO PELINSON ALCHIERI',116734,'HH');
INSERT INTO "turmas" VALUES('I',116734);
INSERT INTO "horarios" VALUES('TER 12:00 - 13:50 Local a Designar',116734,'I');
INSERT INTO "horarios" VALUES('QUI 12:00 - 13:50 Local a Designar',116734,'I');
INSERT INTO "professores" VALUES('JORGE CARLOS LUCERO',116734,'I');
INSERT INTO "turmas" VALUES('K',116734);
INSERT INTO "horarios" VALUES('SEG 12:00 - 13:50 Local a Designar',116734,'K');
INSERT INTO "horarios" VALUES('QUA 12:00 - 13:50 Local a Designar',116734,'K');
INSERT INTO "professores" VALUES('PRISCILA AMERICA SOLIS MENDEZ BARRETO',116734,'K');
INSERT INTO "turmas" VALUES('L',116734);
INSERT INTO "horarios" VALUES('SEG 12:00 - 13:50 Local a Designar',116734,'L');
INSERT INTO "horarios" VALUES('QUA 12:00 - 13:50 Local a Designar',116734,'L');
INSERT INTO "professores" VALUES('MARIA DE FATIMA RAMOS BRANDAO',116734,'L');
INSERT INTO "turmas" VALUES('LL',116734);
INSERT INTO "horarios" VALUES('SEG 12:00 - 13:50 Local a Designar',116734,'LL');
INSERT INTO "horarios" VALUES('QUA 12:00 - 13:50 Local a Designar',116734,'LL');
INSERT INTO "professores" VALUES('EDISON ISHIKAWA',116734,'LL');
INSERT INTO "turmas" VALUES('M',116734);
INSERT INTO "horarios" VALUES('SEG 12:00 - 13:50 Local a Designar',116734,'M');
INSERT INTO "horarios" VALUES('QUI 12:00 - 13:50 Local a Designar',116734,'M');
INSERT INTO "professores" VALUES('CARLA DENISE CASTANHO',116734,'M');
INSERT INTO "turmas" VALUES('MM',116734);
INSERT INTO "horarios" VALUES('SEG 08:00 - 09:50 Local a Designar',116734,'MM');
INSERT INTO "horarios" VALUES('TER 08:00 - 09:50 Local a Designar',116734,'MM');
INSERT INTO "professores" VALUES('MARCOS FAGUNDES CAETANO',116734,'MM');
INSERT INTO "turmas" VALUES('N',116734);
INSERT INTO "horarios" VALUES('TER 12:00 - 13:50 Local a Designar',116734,'N');
INSERT INTO "horarios" VALUES('QUI 12:00 - 13:50 Local a Designar',116734,'N');
INSERT INTO "professores" VALUES('FERNANDO ANTONIO DE ARAUJO CHACON DE ALBUQUERQUE',116734,'N');
INSERT INTO "turmas" VALUES('O',116734);
INSERT INTO "horarios" VALUES('SEG 12:00 - 13:50 Local a Designar',116734,'O');
INSERT INTO "horarios" VALUES('QUA 12:00 - 13:50 Local a Designar',116734,'O');
INSERT INTO "professores" VALUES('JOAO JOSE COSTA GONDIM',116734,'O');
INSERT INTO "turmas" VALUES('P',116734);
INSERT INTO "horarios" VALUES('SEG 12:00 - 13:50 Local a Designar',116734,'P');
INSERT INTO "horarios" VALUES('QUA 12:00 - 13:50 Local a Designar',116734,'P');
INSERT INTO "professores" VALUES('FERNANDA LIMA',116734,'P');
INSERT INTO "turmas" VALUES('Q',116734);
INSERT INTO "horarios" VALUES('TER 12:00 - 13:50 Local a Designar',116734,'Q');
INSERT INTO "horarios" VALUES('QUI 12:00 - 13:50 Local a Designar',116734,'Q');
INSERT INTO "professores" VALUES('CARLA MARIA CHAGAS E CAVALCANTE KOIKE',116734,'Q');
INSERT INTO "turmas" VALUES('R',116734);
INSERT INTO "horarios" VALUES('TER 12:00 - 13:50 Local a Designar',116734,'R');
INSERT INTO "horarios" VALUES('QUI 12:00 - 13:50 Local a Designar',116734,'R');
INSERT INTO "professores" VALUES('FLAVIO LEONARDO CAVALCANTI DE MOURA',116734,'R');
INSERT INTO "turmas" VALUES('S',116734);
INSERT INTO "horarios" VALUES('SEG 12:00 - 13:50 Local a Designar',116734,'S');
INSERT INTO "horarios" VALUES('QUA 12:00 - 13:50 Local a Designar',116734,'S');
INSERT INTO "professores" VALUES('VANDER RAMOS ALVES',116734,'S');
INSERT INTO "turmas" VALUES('T',116734);
INSERT INTO "horarios" VALUES('TER 12:00 - 13:50 Local a Designar',116734,'T');
INSERT INTO "horarios" VALUES('QUI 12:00 - 13:50 Local a Designar',116734,'T');
INSERT INTO "professores" VALUES('ALETEIA PATRICIA FAVACHO DE ARAUJO VON PAUMGARTTEN',116734,'T');
INSERT INTO "turmas" VALUES('U',116734);
INSERT INTO "horarios" VALUES('TER 12:00 - 13:50 Local a Designar',116734,'U');
INSERT INTO "horarios" VALUES('QUI 12:00 - 13:50 Local a Designar',116734,'U');
INSERT INTO "professores" VALUES('MARISTELA TERTO DE HOLANDA',116734,'U');
INSERT INTO "turmas" VALUES('V',116734);
INSERT INTO "horarios" VALUES('TER 12:00 - 13:50 Local a Designar',116734,'V');
INSERT INTO "horarios" VALUES('QUI 12:00 - 13:50 Local a Designar',116734,'V');
INSERT INTO "professores" VALUES('GENAINA NUNES RODRIGUES',116734,'V');
INSERT INTO "turmas" VALUES('W',116734);
INSERT INTO "horarios" VALUES('TER 12:00 - 13:50 Local a Designar',116734,'W');
INSERT INTO "horarios" VALUES('QUI 12:00 - 13:50 Local a Designar',116734,'W');
INSERT INTO "professores" VALUES('WILSON HENRIQUE VENEZIANO',116734,'W');
INSERT INTO "turmas" VALUES('X',116734);
INSERT INTO "horarios" VALUES('TER 12:00 - 13:50 Local a Designar',116734,'X');
INSERT INTO "horarios" VALUES('QUI 12:00 - 13:50 Local a Designar',116734,'X');
INSERT INTO "professores" VALUES('JAN MENDONCA CORREA',116734,'X');
INSERT INTO "turmas" VALUES('Y',116734);
INSERT INTO "horarios" VALUES('TER 12:00 - 13:50 Local a Designar',116734,'Y');
INSERT INTO "horarios" VALUES('QUI 12:00 - 13:50 Local a Designar',116734,'Y');
INSERT INTO "professores" VALUES('ALBA CRISTINA MAGALHAES ALVES DE MELO',116734,'Y');
INSERT INTO "turmas" VALUES('Z',116734);
INSERT INTO "horarios" VALUES('TER 12:00 - 13:50 Local a Designar',116734,'Z');
INSERT INTO "horarios" VALUES('QUI 12:00 - 13:50 Local a Designar',116734,'Z');
INSERT INTO "professores" VALUES('GERMANA MENEZES DA NOBREGA',116734,'Z');
INSERT INTO "turmas" VALUES('ZZ',116734);
INSERT INTO "horarios" VALUES('TER 12:00 - 13:50 Local a Designar',116734,'ZZ');
INSERT INTO "horarios" VALUES('QUI 12:00 - 13:50 Local a Designar',116734,'ZZ');
INSERT INTO "professores" VALUES('FRANCISCO VILLA ULHOA BOTELHO',116734,'ZZ');
INSERT INTO "disciplinas" VALUES(113492,'FORMACAO DOCENTE EM COMPUTACAO',116);
INSERT INTO "turmas" VALUES('A',113492);
INSERT INTO "horarios" VALUES('TER 20:50 - 22:30 PAT AT 013',113492,'A');
INSERT INTO "horarios" VALUES('QUI 20:50 - 22:30 PAT AT 013',113492,'A');
INSERT INTO "professores" VALUES('MARIA DE FATIMA RAMOS BRANDAO',113492,'A');
INSERT INTO "disciplinas" VALUES(113450,'FUNDAMENTOS TEORICOS DA COMPUTACAO',116);
INSERT INTO "turmas" VALUES('A',113450);
INSERT INTO "horarios" VALUES('TER 08:00 - 09:50 PAT AT 076',113450,'A');
INSERT INTO "horarios" VALUES('QUI 08:00 - 09:50 PAT AT 076',113450,'A');
INSERT INTO "professores" VALUES('JORGE CARLOS LUCERO',113450,'A');
INSERT INTO "turmas" VALUES('B',113450);
INSERT INTO "horarios" VALUES('SEG 19:00 - 20:40 PJC BT 117',113450,'B');
INSERT INTO "horarios" VALUES('QUA 20:50 - 22:30 PJC BT 117',113450,'B');
INSERT INTO "professores" VALUES('FLAVIO LEONARDO CAVALCANTI DE MOURA',113450,'B');
INSERT INTO "disciplinas" VALUES(204331,'GERENCIA E SEGURANCA DE REDES',116);
INSERT INTO "turmas" VALUES('A',204331);
INSERT INTO "horarios" VALUES('TER 10:00 - 11:50 LINF. 4',204331,'A');
INSERT INTO "horarios" VALUES('QUI 10:00 - 11:50 LINF. 4',204331,'A');
INSERT INTO "professores" VALUES('JOAO JOSE COSTA GONDIM',204331,'A');
INSERT INTO "disciplinas" VALUES(116726,'INFORMATICA E SOCIEDADE',116);
INSERT INTO "turmas" VALUES('A',116726);
INSERT INTO "horarios" VALUES('QUA 19:00 - 20:50 BAES AT 13/61',116726,'A');
INSERT INTO "professores" VALUES('FRANCISCO VILLA ULHOA BOTELHO',116726,'A');
INSERT INTO "turmas" VALUES('B',116726);
INSERT INTO "horarios" VALUES('SEX 10:00 - 11:50 PJC BT 012',116726,'B');
INSERT INTO "professores" VALUES('FRANCISCO VILLA ULHOA BOTELHO',116726,'B');
INSERT INTO "disciplinas" VALUES(113913,'INTRODUCAO A CIENCIA DA COMPUTACAO',116);
INSERT INTO "turmas" VALUES('A',113913);
INSERT INTO "horarios" VALUES('TER 14:00 - 15:50 LINF. 1',113913,'A');
INSERT INTO "horarios" VALUES('QUI 14:00 - 15:50 LINF. 1',113913,'A');
INSERT INTO "professores" VALUES('EDISON ISHIKAWA',113913,'A');
INSERT INTO "turmas" VALUES('B',113913);
INSERT INTO "horarios" VALUES('TER 14:00 - 15:50 LINF. 1',113913,'B');
INSERT INTO "horarios" VALUES('QUI 14:00 - 15:50 LINF. 1',113913,'B');
INSERT INTO "professores" VALUES('EDISON ISHIKAWA',113913,'B');
INSERT INTO "turmas" VALUES('C',113913);
INSERT INTO "horarios" VALUES('QUA 16:00 - 17:50 LINF. 1',113913,'C');
INSERT INTO "horarios" VALUES('SEX 16:00 - 17:50 LINF. 1',113913,'C');
INSERT INTO "professores" VALUES('EDISON ISHIKAWA',113913,'C');
INSERT INTO "turmas" VALUES('D',113913);
INSERT INTO "horarios" VALUES('TER 16:00 - 17:50 LINF. 1',113913,'D');
INSERT INTO "horarios" VALUES('SEX 16:00 - 17:50 LINF. 1',113913,'D');
INSERT INTO "professores" VALUES('EDISON ISHIKAWA',113913,'D');
INSERT INTO "turmas" VALUES('E',113913);
INSERT INTO "horarios" VALUES('TER 16:00 - 17:50 LINF. 1',113913,'E');
INSERT INTO "horarios" VALUES('SEX 16:00 - 17:50 LINF. 1',113913,'E');
INSERT INTO "professores" VALUES('EDISON ISHIKAWA',113913,'E');
INSERT INTO "turmas" VALUES('F',113913);
INSERT INTO "horarios" VALUES('TER 19:00 - 20:40 LINF. 1',113913,'F');
INSERT INTO "horarios" VALUES('QUI 19:00 - 20:40 LINF. 1',113913,'F');
INSERT INTO "professores" VALUES('EDISON ISHIKAWA',113913,'F');
INSERT INTO "turmas" VALUES('G',113913);
INSERT INTO "horarios" VALUES('TER 14:00 - 15:50 LINF. 1',113913,'G');
INSERT INTO "horarios" VALUES('QUI 14:00 - 15:50 LINF. 1',113913,'G');
INSERT INTO "professores" VALUES('EDISON ISHIKAWA',113913,'G');
INSERT INTO "turmas" VALUES('H',113913);
INSERT INTO "horarios" VALUES('QUA 16:00 - 17:50 LINF. 1',113913,'H');
INSERT INTO "horarios" VALUES('SEX 16:00 - 17:50 LINF. 1',113913,'H');
INSERT INTO "professores" VALUES('EDISON ISHIKAWA',113913,'H');
INSERT INTO "professores" VALUES('GISLANE PEREIRA SANTANA',113913,'H');
INSERT INTO "turmas" VALUES('I',113913);
INSERT INTO "horarios" VALUES('TER 19:00 - 20:40 LINF. 1',113913,'I');
INSERT INTO "horarios" VALUES('QUI 19:00 - 20:40 LINF. 1',113913,'I');
INSERT INTO "professores" VALUES('EDISON ISHIKAWA',113913,'I');
INSERT INTO "professores" VALUES('GISLANE PEREIRA SANTANA',113913,'I');
INSERT INTO "turmas" VALUES('J',113913);
INSERT INTO "horarios" VALUES('QUA 14:00 - 15:50 LINF. 1',113913,'J');
INSERT INTO "horarios" VALUES('QUI 14:00 - 15:50 LINF. 1',113913,'J');
INSERT INTO "professores" VALUES('ALEXANDRE ZAGHETTO',113913,'J');
INSERT INTO "turmas" VALUES('K',113913);
INSERT INTO "horarios" VALUES('TER 14:00 - 15:50 LINF. 1',113913,'K');
INSERT INTO "horarios" VALUES('QUI 14:00 - 15:50 LINF. 1',113913,'K');
INSERT INTO "professores" VALUES('EDISON ISHIKAWA',113913,'K');
INSERT INTO "professores" VALUES('FRANCISCO VILLA ULHOA BOTELHO',113913,'K');
INSERT INTO "turmas" VALUES('L',113913);
INSERT INTO "horarios" VALUES('TER 19:00 - 20:40 LINF. 1',113913,'L');
INSERT INTO "horarios" VALUES('QUA 20:50 - 22:30 LINF. 1',113913,'L');
INSERT INTO "professores" VALUES('EDISON ISHIKAWA',113913,'L');
INSERT INTO "turmas" VALUES('M',113913);
INSERT INTO "horarios" VALUES('TER 19:00 - 20:40 LINF. 1',113913,'M');
INSERT INTO "horarios" VALUES('QUA 20:50 - 22:30 LINF. 1',113913,'M');
INSERT INTO "professores" VALUES('EDISON ISHIKAWA',113913,'M');
INSERT INTO "turmas" VALUES('N',113913);
INSERT INTO "horarios" VALUES('QUA 16:00 - 17:50 LINF. 1',113913,'N');
INSERT INTO "horarios" VALUES('SEX 16:00 - 17:50 LINF. 1',113913,'N');
INSERT INTO "professores" VALUES('EDISON ISHIKAWA',113913,'N');
INSERT INTO "professores" VALUES('FRANCISCO VILLA ULHOA BOTELHO',113913,'N');
INSERT INTO "disciplinas" VALUES(116491,'INTRODUCAO A COMPUTACAO SONICA',116);
INSERT INTO "turmas" VALUES('A',116491);
INSERT INTO "horarios" VALUES('TER 14:00 - 15:50 Local a Designar',116491,'A');
INSERT INTO "horarios" VALUES('QUI 14:00 - 15:50 Local a Designar',116491,'A');
INSERT INTO "professores" VALUES('ALUIZIO ARCELA JUNIOR',116491,'A');
INSERT INTO "disciplinas" VALUES(117528,'INTRODUCAO A ENGENHARIA DE COMPUTACAO',116);
INSERT INTO "turmas" VALUES('A',117528);
INSERT INTO "horarios" VALUES('SEX 10:00 - 11:50 PJC BT 125',117528,'A');
INSERT INTO "professores" VALUES('PRISCILA AMERICA SOLIS MENDEZ BARRETO',117528,'A');
INSERT INTO "disciplinas" VALUES(116793,'INTRODUCAO A MICROINFORMATICA',116);
INSERT INTO "turmas" VALUES('I',116793);
INSERT INTO "horarios" VALUES('TER 12:00 - 13:50 LINF.3',116793,'I');
INSERT INTO "horarios" VALUES('QUI 12:00 - 13:50 LINF.3',116793,'I');
INSERT INTO "professores" VALUES('MARCIO DE CARVALHO VICTORINO',116793,'I');
INSERT INTO "disciplinas" VALUES(117315,'INTRODUCAO A PROGRAMACAO PARALELA',116);
INSERT INTO "turmas" VALUES('A',117315);
INSERT INTO "horarios" VALUES('TER 08:00 - 09:50 BAES A1 11/31',117315,'A');
INSERT INTO "horarios" VALUES('QUI 08:00 - 09:50 BAES A1 11/31',117315,'A');
INSERT INTO "professores" VALUES('GERSON HENRIQUE PFITSCHER',117315,'A');
INSERT INTO "disciplinas" VALUES(117552,'INTRODUCAO AO DESENVOLVIMENTO DE JOGOS',116);
INSERT INTO "turmas" VALUES('A',117552);
INSERT INTO "horarios" VALUES('QUA 14:00 - 15:50 PAT AT 125',117552,'A');
INSERT INTO "horarios" VALUES('SEX 14:00 - 15:50 PAT AT 125',117552,'A');
INSERT INTO "professores" VALUES('CARLA DENISE CASTANHO',117552,'A');
INSERT INTO "disciplinas" VALUES(117242,'INTRODUCAO AO PROCESSAMENTO DE IMAGENS',116);
INSERT INTO "turmas" VALUES('A',117242);
INSERT INTO "horarios" VALUES('SEG 18:00 - 19:50 PAT AT 060',117242,'A');
INSERT INTO "horarios" VALUES('QUA 18:00 - 19:50 PAT AT 060',117242,'A');
INSERT INTO "professores" VALUES('BRUNO LUIGGI MACCHIAVELLO ESPINOZA',117242,'A');
INSERT INTO "disciplinas" VALUES(113468,'INTRODUCAO AOS SISTEMAS COMPUTACIONAIS',116);
INSERT INTO "turmas" VALUES('A',113468);
INSERT INTO "horarios" VALUES('SEG 10:00 - 11:50 PJC BT 117',113468,'A');
INSERT INTO "horarios" VALUES('QUA 10:00 - 11:50 PJC BT 117',113468,'A');
INSERT INTO "professores" VALUES('MARCUS VINICIUS LAMAR',113468,'A');
INSERT INTO "professores" VALUES('RICARDO PEZZUOL JACOBI',113468,'A');
INSERT INTO "disciplinas" VALUES(116343,'LINGUAGENS DE PROGRAMACAO',116);
INSERT INTO "turmas" VALUES('A',116343);
INSERT INTO "horarios" VALUES('SEG 08:00 - 09:50 PJC BT 076',116343,'A');
INSERT INTO "horarios" VALUES('QUA 08:00 - 09:50 PJC BT 076',116343,'A');
INSERT INTO "professores" VALUES('MARCELO LADEIRA',116343,'A');
INSERT INTO "turmas" VALUES('B',116343);
INSERT INTO "horarios" VALUES('TER 20:50 - 22:30 PJC BT 100',116343,'B');
INSERT INTO "horarios" VALUES('QUI 19:00 - 20:40 PJC BT 100',116343,'B');
INSERT INTO "professores" VALUES('MARCOS FAGUNDES CAETANO',116343,'B');
INSERT INTO "disciplinas" VALUES(117366,'LOGICA COMPUTACIONAL 1',116);
INSERT INTO "turmas" VALUES('A',117366);
INSERT INTO "horarios" VALUES('SEG 16:00 - 17:50 PJC BT 101',117366,'A');
INSERT INTO "horarios" VALUES('QUA 16:00 - 17:50 PJC BT 101',117366,'A');
INSERT INTO "professores" VALUES('MAURICIO AYALA RINCON',117366,'A');
INSERT INTO "turmas" VALUES('B',117366);
INSERT INTO "horarios" VALUES('SEG 19:00 - 20:40 PAT AT 061',117366,'B');
INSERT INTO "horarios" VALUES('QUA 19:00 - 20:40 PAT AT 061',117366,'B');
INSERT INTO "professores" VALUES('CLAUDIA NALON',117366,'B');
INSERT INTO "turmas" VALUES('D',117366);
INSERT INTO "horarios" VALUES('SEG 10:00 - 11:50 PAT AT 044',117366,'D');
INSERT INTO "horarios" VALUES('QUA 10:00 - 11:50 PAT AT 044',117366,'D');
INSERT INTO "professores" VALUES('FLAVIO LEONARDO CAVALCANTI DE MOURA',117366,'D');
INSERT INTO "disciplinas" VALUES(201600,'METODOS DE PROGRAMACAO',116);
INSERT INTO "turmas" VALUES('A',201600);
INSERT INTO "horarios" VALUES('SEG 16:00 - 17:50 PJC BT 085',201600,'A');
INSERT INTO "horarios" VALUES('QUA 16:00 - 17:50 PJC BT 085',201600,'A');
INSERT INTO "professores" VALUES('JAN MENDONCA CORREA',201600,'A');
INSERT INTO "disciplinas" VALUES(117196,'MODELAGEM ORIENTADA A OBJETOS',116);
INSERT INTO "turmas" VALUES('A',117196);
INSERT INTO "horarios" VALUES('SEG 19:00 - 20:50 ICC BT 620',117196,'A');
INSERT INTO "horarios" VALUES('QUA 19:00 - 20:50 ICC BT 620',117196,'A');
INSERT INTO "professores" VALUES('FERNANDO ANTONIO DE ARAUJO CHACON DE ALBUQUERQUE',117196,'A');
INSERT INTO "disciplinas" VALUES(116068,'NOCOES DE SISTEMAS OPERACIONAIS',116);
INSERT INTO "turmas" VALUES('A',116068);
INSERT INTO "horarios" VALUES('SEG 20:50 - 22:30 BAES A1 13/61',116068,'A');
INSERT INTO "horarios" VALUES('QUA 19:00 - 20:40 PAT AT 052',116068,'A');
INSERT INTO "professores" VALUES('EDISON ISHIKAWA',116068,'A');
INSERT INTO "disciplinas" VALUES(116327,'ORGANIZACAO DE ARQUIVOS',116);
INSERT INTO "turmas" VALUES('A',116327);
INSERT INTO "horarios" VALUES('TER 14:00 - 15:50 PJC BT 132',116327,'A');
INSERT INTO "horarios" VALUES('QUI 14:00 - 15:50 PJC BT 132',116327,'A');
INSERT INTO "professores" VALUES('ANDRE COSTA DRUMMOND',116327,'A');
INSERT INTO "turmas" VALUES('B',116327);
INSERT INTO "horarios" VALUES('SEG 20:50 - 22:30 PJC BT 044',116327,'B');
INSERT INTO "horarios" VALUES('QUA 20:50 - 22:30 PJC BT 044',116327,'B');
INSERT INTO "professores" VALUES('PEDRO DE AZEVEDO BERGER',116327,'B');
INSERT INTO "turmas" VALUES('C',116327);
INSERT INTO "horarios" VALUES('SEG 14:00 - 15:50 PJC BT 125',116327,'C');
INSERT INTO "horarios" VALUES('QUA 14:00 - 15:50 PJC BT 125',116327,'C');
INSERT INTO "professores" VALUES('CAMILO CHANG DOREA',116327,'C');
INSERT INTO "disciplinas" VALUES(116394,'ORGANIZACAO E ARQUITETURA DE COMPUTADORES',116);
INSERT INTO "turmas" VALUES('A',116394);
INSERT INTO "horarios" VALUES('SEG 14:00 - 15:50 PJC BT 124',116394,'A');
INSERT INTO "horarios" VALUES('QUA 14:00 - 15:50 PJC BT 124',116394,'A');
INSERT INTO "professores" VALUES('MARCUS VINICIUS LAMAR',116394,'A');
INSERT INTO "turmas" VALUES('B',116394);
INSERT INTO "horarios" VALUES('TER 10:00 - 11:50 PAT AT 028',116394,'B');
INSERT INTO "horarios" VALUES('QUI 10:00 - 11:50 PAT AT 028',116394,'B');
INSERT INTO "professores" VALUES('FLAVIO DE BARROS VIDAL',116394,'B');
INSERT INTO "turmas" VALUES('C',116394);
INSERT INTO "horarios" VALUES('TER 14:00 - 15:50 PJC BT 124',116394,'C');
INSERT INTO "horarios" VALUES('QUI 14:00 - 15:50 PJC BT 124',116394,'C');
INSERT INTO "professores" VALUES('RICARDO PEZZUOL JACOBI',116394,'C');
INSERT INTO "disciplinas" VALUES(117595,'PRINCIPIOS DE VISAO COMPUTACIONAL',116);
INSERT INTO "turmas" VALUES('A',117595);
INSERT INTO "horarios" VALUES('SEG 10:00 - 11:50 PAT AT 068',117595,'A');
INSERT INTO "horarios" VALUES('QUA 10:00 - 11:50 PAT AT 068',117595,'A');
INSERT INTO "professores" VALUES('FLAVIO DE BARROS VIDAL',117595,'A');
INSERT INTO "disciplinas" VALUES(116599,'PROCESSAMENTO EM TEMPO REAL',116);
INSERT INTO "turmas" VALUES('A',116599);
INSERT INTO "horarios" VALUES('QUA 08:00 - 09:50 BAES A1 11/23',116599,'A');
INSERT INTO "horarios" VALUES('SEX 08:00 - 09:50 BAES A1 11/23',116599,'A');
INSERT INTO "professores" VALUES('GERSON HENRIQUE PFITSCHER',116599,'A');
INSERT INTO "disciplinas" VALUES(117234,'PROGRAMACAO AVANCADA',116);
INSERT INTO "turmas" VALUES('A',117234);
INSERT INTO "horarios" VALUES('QUA 12:00 - 13:50 Local a Designar',117234,'A');
INSERT INTO "horarios" VALUES('SEX 12:00 - 13:50 Local a Designar',117234,'A');
INSERT INTO "professores" VALUES('WILSON HENRIQUE VENEZIANO',117234,'A');
INSERT INTO "disciplinas" VALUES(116785,'PROGRAMACAO ORIENTADA A OBJETOS',116);
INSERT INTO "turmas" VALUES('B',116785);
INSERT INTO "horarios" VALUES('TER 10:00 - 11:50 PAT AT 029',116785,'B');
INSERT INTO "horarios" VALUES('QUI 10:00 - 11:50 PAT AT 029',116785,'B');
INSERT INTO "professores" VALUES('RODRIGO BONIFACIO DE ALMEIDA',116785,'B');
INSERT INTO "disciplinas" VALUES(113956,'PROGRAMACAO SISTEMATICA',116);
INSERT INTO "turmas" VALUES('A',113956);
INSERT INTO "horarios" VALUES('TER 10:00 - 11:50 PAT AT 044',113956,'A');
INSERT INTO "horarios" VALUES('QUI 10:00 - 11:50 PAT AT 044',113956,'A');
INSERT INTO "professores" VALUES('GENAINA NUNES RODRIGUES',113956,'A');
INSERT INTO "disciplinas" VALUES(116840,'PROJETO DE LICENCIATURA',116);
INSERT INTO "turmas" VALUES('A',116840);
INSERT INTO "horarios" VALUES('SEG 08:00 - 09:50 Local a Designar',116840,'A');
INSERT INTO "horarios" VALUES('TER 08:00 - 09:50 Local a Designar',116840,'A');
INSERT INTO "horarios" VALUES('QUA 08:00 - 09:50 Local a Designar',116840,'A');
INSERT INTO "horarios" VALUES('QUI 08:00 - 09:50 Local a Designar',116840,'A');
INSERT INTO "horarios" VALUES('SEX 08:00 - 09:50 Local a Designar',116840,'A');
INSERT INTO "professores" VALUES('MARIA DE FATIMA RAMOS BRANDAO',116840,'A');
INSERT INTO "turmas" VALUES('B',116840);
INSERT INTO "horarios" VALUES('SEG 08:00 - 09:50 Local a Designar',116840,'B');
INSERT INTO "horarios" VALUES('TER 08:00 - 09:50 Local a Designar',116840,'B');
INSERT INTO "horarios" VALUES('QUA 08:00 - 09:50 Local a Designar',116840,'B');
INSERT INTO "horarios" VALUES('QUI 08:00 - 09:50 Local a Designar',116840,'B');
INSERT INTO "horarios" VALUES('SEX 08:00 - 09:50 Local a Designar',116840,'B');
INSERT INTO "professores" VALUES('WILSON HENRIQUE VENEZIANO',116840,'B');
INSERT INTO "turmas" VALUES('C',116840);
INSERT INTO "horarios" VALUES('SEG 12:00 - 13:50 Local a Designar',116840,'C');
INSERT INTO "horarios" VALUES('TER 12:00 - 13:50 Local a Designar',116840,'C');
INSERT INTO "horarios" VALUES('QUA 12:00 - 13:50 Local a Designar',116840,'C');
INSERT INTO "horarios" VALUES('QUI 12:00 - 13:50 Local a Designar',116840,'C');
INSERT INTO "horarios" VALUES('SEX 12:00 - 13:50 Local a Designar',116840,'C');
INSERT INTO "professores" VALUES('MARCUS VINICIUS LAMAR',116840,'C');
INSERT INTO "disciplinas" VALUES(116891,'PROJETO DE LICENCIATURA 1',116);
INSERT INTO "turmas" VALUES('A',116891);
INSERT INTO "horarios" VALUES('SEG 19:00 - 20:40 BAES A1 11/19',116891,'A');
INSERT INTO "professores" VALUES('MARIA EMILIA MACHADO TELLES WALTER',116891,'A');
INSERT INTO "turmas" VALUES('B',116891);
INSERT INTO "horarios" VALUES('SEG 08:00 - 09:50 BAES A1 11/23',116891,'B');
INSERT INTO "professores" VALUES('MARIA EMILIA MACHADO TELLES WALTER',116891,'B');
INSERT INTO "disciplinas" VALUES(116904,'PROJETO DE LICENCIATURA 2',116);
INSERT INTO "turmas" VALUES('A',116904);
INSERT INTO "horarios" VALUES('SEG 12:00 - 13:50 Local a Designar',116904,'A');
INSERT INTO "horarios" VALUES('TER 12:00 - 13:50 Local a Designar',116904,'A');
INSERT INTO "horarios" VALUES('QUA 12:00 - 13:50 Local a Designar',116904,'A');
INSERT INTO "horarios" VALUES('QUI 12:00 - 13:50 Local a Designar',116904,'A');
INSERT INTO "professores" VALUES('CARLA DENISE CASTANHO',116904,'A');
INSERT INTO "turmas" VALUES('AA',116904);
INSERT INTO "horarios" VALUES('TER 12:00 - 13:50 Local a Designar',116904,'AA');
INSERT INTO "horarios" VALUES('QUA 12:00 - 13:50 Local a Designar',116904,'AA');
INSERT INTO "horarios" VALUES('QUI 12:00 - 13:50 Local a Designar',116904,'AA');
INSERT INTO "horarios" VALUES('SEX 12:00 - 13:50 Local a Designar',116904,'AA');
INSERT INTO "professores" VALUES('CAMILO CHANG DOREA',116904,'AA');
INSERT INTO "turmas" VALUES('BB',116904);
INSERT INTO "horarios" VALUES('SEG 12:00 - 13:50 Local a Designar',116904,'BB');
INSERT INTO "horarios" VALUES('TER 12:00 - 13:50 Local a Designar',116904,'BB');
INSERT INTO "horarios" VALUES('QUA 12:00 - 13:50 Local a Designar',116904,'BB');
INSERT INTO "horarios" VALUES('QUI 12:00 - 13:50 Local a Designar',116904,'BB');
INSERT INTO "professores" VALUES('ALEXANDRE ZAGHETTO',116904,'BB');
INSERT INTO "turmas" VALUES('CC',116904);
INSERT INTO "horarios" VALUES('TER 12:00 - 13:50 Local a Designar',116904,'CC');
INSERT INTO "horarios" VALUES('QUA 12:00 - 13:50 Local a Designar',116904,'CC');
INSERT INTO "horarios" VALUES('QUI 12:00 - 13:50 Local a Designar',116904,'CC');
INSERT INTO "horarios" VALUES('SEX 12:00 - 13:50 Local a Designar',116904,'CC');
INSERT INTO "professores" VALUES('GERMANA MENEZES DA NOBREGA',116904,'CC');
INSERT INTO "turmas" VALUES('D',116904);
INSERT INTO "horarios" VALUES('SEG 12:00 - 13:50 Local a Designar',116904,'D');
INSERT INTO "horarios" VALUES('TER 12:00 - 13:50 Local a Designar',116904,'D');
INSERT INTO "horarios" VALUES('QUA 12:00 - 13:50 Local a Designar',116904,'D');
INSERT INTO "horarios" VALUES('QUI 12:00 - 13:50 Local a Designar',116904,'D');
INSERT INTO "professores" VALUES('FLAVIO LEONARDO CAVALCANTI DE MOURA',116904,'D');
INSERT INTO "turmas" VALUES('DD',116904);
INSERT INTO "horarios" VALUES('SEG 12:00 - 13:50 Local a Designar',116904,'DD');
INSERT INTO "horarios" VALUES('TER 12:00 - 13:50 Local a Designar',116904,'DD');
INSERT INTO "horarios" VALUES('QUA 12:00 - 13:50 Local a Designar',116904,'DD');
INSERT INTO "horarios" VALUES('QUI 12:00 - 13:50 Local a Designar',116904,'DD');
INSERT INTO "professores" VALUES('MAURICIO AYALA RINCON',116904,'DD');
INSERT INTO "turmas" VALUES('E',116904);
INSERT INTO "horarios" VALUES('SEG 12:00 - 13:50 Local a Designar',116904,'E');
INSERT INTO "horarios" VALUES('TER 12:00 - 13:50 Local a Designar',116904,'E');
INSERT INTO "horarios" VALUES('QUA 12:00 - 13:50 Local a Designar',116904,'E');
INSERT INTO "horarios" VALUES('QUI 12:00 - 13:50 Local a Designar',116904,'E');
INSERT INTO "professores" VALUES('JORGE HENRIQUE CABRAL FERNANDES',116904,'E');
INSERT INTO "turmas" VALUES('EE',116904);
INSERT INTO "horarios" VALUES('SEG 12:00 - 13:50 Local a Designar',116904,'EE');
INSERT INTO "horarios" VALUES('TER 12:00 - 13:50 Local a Designar',116904,'EE');
INSERT INTO "horarios" VALUES('QUA 12:00 - 13:50 Local a Designar',116904,'EE');
INSERT INTO "horarios" VALUES('QUI 12:00 - 13:50 Local a Designar',116904,'EE');
INSERT INTO "professores" VALUES('WILSON HENRIQUE VENEZIANO',116904,'EE');
INSERT INTO "turmas" VALUES('FF',116904);
INSERT INTO "horarios" VALUES('SEG 12:00 - 13:50 Local a Designar',116904,'FF');
INSERT INTO "horarios" VALUES('TER 12:00 - 13:50 Local a Designar',116904,'FF');
INSERT INTO "horarios" VALUES('QUA 12:00 - 13:50 Local a Designar',116904,'FF');
INSERT INTO "horarios" VALUES('QUI 12:00 - 13:50 Local a Designar',116904,'FF');
INSERT INTO "professores" VALUES('MARCUS VINICIUS LAMAR',116904,'FF');
INSERT INTO "turmas" VALUES('GG',116904);
INSERT INTO "horarios" VALUES('SEG 12:00 - 13:50 Local a Designar',116904,'GG');
INSERT INTO "horarios" VALUES('TER 12:00 - 13:50 Local a Designar',116904,'GG');
INSERT INTO "horarios" VALUES('QUA 12:00 - 13:50 Local a Designar',116904,'GG');
INSERT INTO "horarios" VALUES('QUI 12:00 - 13:50 Local a Designar',116904,'GG');
INSERT INTO "professores" VALUES('PEDRO DE AZEVEDO BERGER',116904,'GG');
INSERT INTO "turmas" VALUES('H',116904);
INSERT INTO "horarios" VALUES('SEG 12:00 - 13:50 Local a Designar',116904,'H');
INSERT INTO "horarios" VALUES('TER 12:00 - 13:50 Local a Designar',116904,'H');
INSERT INTO "horarios" VALUES('QUA 12:00 - 13:50 Local a Designar',116904,'H');
INSERT INTO "horarios" VALUES('QUI 12:00 - 13:50 Local a Designar',116904,'H');
INSERT INTO "professores" VALUES('EDUARDO ADILIO PELINSON ALCHIERI',116904,'H');
INSERT INTO "turmas" VALUES('HH',116904);
INSERT INTO "horarios" VALUES('SEG 12:00 - 13:50 Local a Designar',116904,'HH');
INSERT INTO "horarios" VALUES('TER 12:00 - 13:50 Local a Designar',116904,'HH');
INSERT INTO "horarios" VALUES('QUA 12:00 - 13:50 Local a Designar',116904,'HH');
INSERT INTO "horarios" VALUES('QUI 12:00 - 13:50 Local a Designar',116904,'HH');
INSERT INTO "professores" VALUES('MARISTELA TERTO DE HOLANDA',116904,'HH');
INSERT INTO "turmas" VALUES('I',116904);
INSERT INTO "horarios" VALUES('SEG 12:00 - 13:50 Local a Designar',116904,'I');
INSERT INTO "horarios" VALUES('TER 12:00 - 13:50 Local a Designar',116904,'I');
INSERT INTO "horarios" VALUES('QUA 12:00 - 13:50 Local a Designar',116904,'I');
INSERT INTO "horarios" VALUES('QUI 12:00 - 13:50 Local a Designar',116904,'I');
INSERT INTO "professores" VALUES('PEDRO ANTONIO DOURADO DE REZENDE',116904,'I');
INSERT INTO "turmas" VALUES('II',116904);
INSERT INTO "horarios" VALUES('SEG 12:00 - 13:50 Local a Designar',116904,'II');
INSERT INTO "horarios" VALUES('TER 12:00 - 13:50 Local a Designar',116904,'II');
INSERT INTO "horarios" VALUES('QUA 12:00 - 13:50 Local a Designar',116904,'II');
INSERT INTO "horarios" VALUES('QUI 12:00 - 13:50 Local a Designar',116904,'II');
INSERT INTO "professores" VALUES('ALUIZIO ARCELA JUNIOR',116904,'II');
INSERT INTO "turmas" VALUES('J',116904);
INSERT INTO "horarios" VALUES('DOM 12:00 - 13:50 Local a Designar',116904,'J');
INSERT INTO "horarios" VALUES('TER 12:00 - 13:50 Local a Designar',116904,'J');
INSERT INTO "horarios" VALUES('QUA 12:00 - 13:50 Local a Designar',116904,'J');
INSERT INTO "horarios" VALUES('QUI 12:00 - 13:50 Local a Designar',116904,'J');
INSERT INTO "professores" VALUES('ALETEIA PATRICIA FAVACHO DE ARAUJO VON PAUMGARTTEN',116904,'J');
INSERT INTO "turmas" VALUES('JJ',116904);
INSERT INTO "horarios" VALUES('TER 12:00 - 13:50 Local a Designar',116904,'JJ');
INSERT INTO "horarios" VALUES('QUA 12:00 - 13:50 Local a Designar',116904,'JJ');
INSERT INTO "horarios" VALUES('QUI 12:00 - 13:50 Local a Designar',116904,'JJ');
INSERT INTO "horarios" VALUES('SEX 12:00 - 13:50 Local a Designar',116904,'JJ');
INSERT INTO "professores" VALUES('GENAINA NUNES RODRIGUES',116904,'JJ');
INSERT INTO "turmas" VALUES('K',116904);
INSERT INTO "horarios" VALUES('SEG 12:00 - 13:50 Local a Designar',116904,'K');
INSERT INTO "horarios" VALUES('TER 12:00 - 13:50 Local a Designar',116904,'K');
INSERT INTO "horarios" VALUES('QUA 12:00 - 13:50 Local a Designar',116904,'K');
INSERT INTO "horarios" VALUES('QUI 12:00 - 13:50 Local a Designar',116904,'K');
INSERT INTO "professores" VALUES('MARIA EMILIA MACHADO TELLES WALTER',116904,'K');
INSERT INTO "turmas" VALUES('KK',116904);
INSERT INTO "horarios" VALUES('SEG 12:00 - 13:50 Local a Designar',116904,'KK');
INSERT INTO "horarios" VALUES('TER 12:00 - 13:50 Local a Designar',116904,'KK');
INSERT INTO "horarios" VALUES('QUA 12:00 - 13:50 Local a Designar',116904,'KK');
INSERT INTO "horarios" VALUES('QUI 12:00 - 13:50 Local a Designar',116904,'KK');
INSERT INTO "professores" VALUES('CELIA GHEDINI RALHA',116904,'KK');
INSERT INTO "turmas" VALUES('L',116904);
INSERT INTO "horarios" VALUES('SEG 12:00 - 13:50 Local a Designar',116904,'L');
INSERT INTO "horarios" VALUES('TER 12:00 - 13:50 Local a Designar',116904,'L');
INSERT INTO "horarios" VALUES('QUA 12:00 - 13:50 Local a Designar',116904,'L');
INSERT INTO "horarios" VALUES('QUI 12:00 - 13:50 Local a Designar',116904,'L');
INSERT INTO "professores" VALUES('MARIA DE FATIMA RAMOS BRANDAO',116904,'L');
INSERT INTO "turmas" VALUES('LL',116904);
INSERT INTO "horarios" VALUES('SEG 12:00 - 13:50 Local a Designar',116904,'LL');
INSERT INTO "horarios" VALUES('TER 12:00 - 13:50 Local a Designar',116904,'LL');
INSERT INTO "horarios" VALUES('QUA 12:00 - 13:50 Local a Designar',116904,'LL');
INSERT INTO "horarios" VALUES('QUI 12:00 - 13:50 Local a Designar',116904,'LL');
INSERT INTO "professores" VALUES('ANDRE COSTA DRUMMOND',116904,'LL');
INSERT INTO "turmas" VALUES('M',116904);
INSERT INTO "horarios" VALUES('SEG 12:00 - 13:50 Local a Designar',116904,'M');
INSERT INTO "horarios" VALUES('TER 12:00 - 13:50 Local a Designar',116904,'M');
INSERT INTO "horarios" VALUES('QUA 12:00 - 13:50 Local a Designar',116904,'M');
INSERT INTO "horarios" VALUES('QUI 12:00 - 13:50 Local a Designar',116904,'M');
INSERT INTO "professores" VALUES('JACIR LUIZ BORDIM',116904,'M');
INSERT INTO "turmas" VALUES('MM',116904);
INSERT INTO "horarios" VALUES('SEG 12:00 - 13:50 Local a Designar',116904,'MM');
INSERT INTO "horarios" VALUES('TER 12:00 - 13:50 Local a Designar',116904,'MM');
INSERT INTO "horarios" VALUES('QUA 12:00 - 13:50 Local a Designar',116904,'MM');
INSERT INTO "horarios" VALUES('QUI 12:00 - 13:50 Local a Designar',116904,'MM');
INSERT INTO "professores" VALUES('RODRIGO BONIFACIO DE ALMEIDA',116904,'MM');
INSERT INTO "turmas" VALUES('NN',116904);
INSERT INTO "horarios" VALUES('SEG 12:00 - 13:50 Local a Designar',116904,'NN');
INSERT INTO "horarios" VALUES('TER 12:00 - 13:50 Local a Designar',116904,'NN');
INSERT INTO "horarios" VALUES('QUA 12:00 - 13:50 Local a Designar',116904,'NN');
INSERT INTO "horarios" VALUES('QUI 12:00 - 13:50 Local a Designar',116904,'NN');
INSERT INTO "professores" VALUES('DIEGO DE FREITAS ARANHA',116904,'NN');
INSERT INTO "turmas" VALUES('O',116904);
INSERT INTO "horarios" VALUES('SEG 12:00 - 13:50 Local a Designar',116904,'O');
INSERT INTO "horarios" VALUES('TER 12:00 - 13:50 Local a Designar',116904,'O');
INSERT INTO "horarios" VALUES('QUA 12:00 - 13:50 Local a Designar',116904,'O');
INSERT INTO "horarios" VALUES('QUI 12:00 - 13:50 Local a Designar',116904,'O');
INSERT INTO "professores" VALUES('DIBIO LEANDRO BORGES',116904,'O');
INSERT INTO "turmas" VALUES('OO',116904);
INSERT INTO "horarios" VALUES('SEG 12:00 - 13:50 Local a Designar',116904,'OO');
INSERT INTO "horarios" VALUES('TER 12:00 - 13:50 Local a Designar',116904,'OO');
INSERT INTO "horarios" VALUES('QUA 12:00 - 13:50 Local a Designar',116904,'OO');
INSERT INTO "horarios" VALUES('QUI 12:00 - 13:50 Local a Designar',116904,'OO');
INSERT INTO "professores" VALUES('MARCOS FAGUNDES CAETANO',116904,'OO');
INSERT INTO "turmas" VALUES('P',116904);
INSERT INTO "horarios" VALUES('SEG 12:00 - 13:50 Local a Designar',116904,'P');
INSERT INTO "horarios" VALUES('TER 12:00 - 13:50 Local a Designar',116904,'P');
INSERT INTO "horarios" VALUES('QUA 12:00 - 13:50 Local a Designar',116904,'P');
INSERT INTO "horarios" VALUES('QUI 12:00 - 13:50 Local a Designar',116904,'P');
INSERT INTO "professores" VALUES('PRISCILA AMERICA SOLIS MENDEZ BARRETO',116904,'P');
INSERT INTO "turmas" VALUES('Q',116904);
INSERT INTO "horarios" VALUES('SEG 12:00 - 13:50 Local a Designar',116904,'Q');
INSERT INTO "horarios" VALUES('TER 12:00 - 13:50 Local a Designar',116904,'Q');
INSERT INTO "horarios" VALUES('QUA 12:00 - 13:50 Local a Designar',116904,'Q');
INSERT INTO "horarios" VALUES('QUI 12:00 - 13:50 Local a Designar',116904,'Q');
INSERT INTO "professores" VALUES('FRANCISCO DE ASSIS CARTAXO PINHEIRO',116904,'Q');
INSERT INTO "turmas" VALUES('R',116904);
INSERT INTO "horarios" VALUES('SEG 12:00 - 13:50 Local a Designar',116904,'R');
INSERT INTO "horarios" VALUES('TER 12:00 - 13:50 Local a Designar',116904,'R');
INSERT INTO "horarios" VALUES('QUA 12:00 - 13:50 Local a Designar',116904,'R');
INSERT INTO "horarios" VALUES('QUI 12:00 - 13:50 Local a Designar',116904,'R');
INSERT INTO "professores" VALUES('JOAO JOSE COSTA GONDIM',116904,'R');
INSERT INTO "turmas" VALUES('S',116904);
INSERT INTO "horarios" VALUES('SEG 12:00 - 13:50 Local a Designar',116904,'S');
INSERT INTO "horarios" VALUES('TER 12:00 - 13:50 Local a Designar',116904,'S');
INSERT INTO "horarios" VALUES('QUA 12:00 - 13:50 Local a Designar',116904,'S');
INSERT INTO "horarios" VALUES('QUI 12:00 - 13:50 Local a Designar',116904,'S');
INSERT INTO "professores" VALUES('JAN MENDONCA CORREA',116904,'S');
INSERT INTO "turmas" VALUES('T',116904);
INSERT INTO "horarios" VALUES('SEG 16:00 - 17:50 Local a Designar',116904,'T');
INSERT INTO "horarios" VALUES('SAB 10:00 - 11:50 Local a Designar',116904,'T');
INSERT INTO "professores" VALUES('FERNANDO ANTONIO DE ARAUJO CHACON DE ALBUQUERQUE',116904,'T');
INSERT INTO "turmas" VALUES('U',116904);
INSERT INTO "horarios" VALUES('SEG 12:00 - 13:50 Local a Designar',116904,'U');
INSERT INTO "horarios" VALUES('TER 12:00 - 13:50 Local a Designar',116904,'U');
INSERT INTO "horarios" VALUES('QUA 12:00 - 13:50 Local a Designar',116904,'U');
INSERT INTO "horarios" VALUES('QUI 12:00 - 13:50 Local a Designar',116904,'U');
INSERT INTO "professores" VALUES('FERNANDA LIMA',116904,'U');
INSERT INTO "turmas" VALUES('V',116904);
INSERT INTO "horarios" VALUES('SEG 12:00 - 13:50 Local a Designar',116904,'V');
INSERT INTO "horarios" VALUES('QUA 12:00 - 13:50 Local a Designar',116904,'V');
INSERT INTO "horarios" VALUES('QUI 12:00 - 13:50 Local a Designar',116904,'V');
INSERT INTO "horarios" VALUES('SEX 12:00 - 13:50 Local a Designar',116904,'V');
INSERT INTO "professores" VALUES('CARLA MARIA CHAGAS E CAVALCANTE KOIKE',116904,'V');
INSERT INTO "turmas" VALUES('X',116904);
INSERT INTO "horarios" VALUES('SEG 12:00 - 13:50 Local a Designar',116904,'X');
INSERT INTO "horarios" VALUES('TER 12:00 - 13:50 Local a Designar',116904,'X');
INSERT INTO "horarios" VALUES('QUA 12:00 - 13:50 Local a Designar',116904,'X');
INSERT INTO "horarios" VALUES('QUI 12:00 - 13:50 Local a Designar',116904,'X');
INSERT INTO "professores" VALUES('FLAVIO DE BARROS VIDAL',116904,'X');
INSERT INTO "turmas" VALUES('XX',116904);
INSERT INTO "horarios" VALUES('SEG 12:00 - 13:50 Local a Designar',116904,'XX');
INSERT INTO "horarios" VALUES('TER 12:00 - 13:50 Local a Designar',116904,'XX');
INSERT INTO "horarios" VALUES('QUA 12:00 - 13:50 Local a Designar',116904,'XX');
INSERT INTO "horarios" VALUES('QUI 12:00 - 13:50 Local a Designar',116904,'XX');
INSERT INTO "professores" VALUES('EDISON ISHIKAWA',116904,'XX');
INSERT INTO "turmas" VALUES('Y',116904);
INSERT INTO "horarios" VALUES('SEG 12:00 - 13:50 Local a Designar',116904,'Y');
INSERT INTO "horarios" VALUES('TER 12:00 - 13:50 Local a Designar',116904,'Y');
INSERT INTO "horarios" VALUES('QUA 12:00 - 13:50 Local a Designar',116904,'Y');
INSERT INTO "horarios" VALUES('QUI 12:00 - 13:50 Local a Designar',116904,'Y');
INSERT INTO "professores" VALUES('VANDER RAMOS ALVES',116904,'Y');
INSERT INTO "turmas" VALUES('Z',116904);
INSERT INTO "horarios" VALUES('TER 12:00 - 13:50 Local a Designar',116904,'Z');
INSERT INTO "horarios" VALUES('QUA 12:00 - 13:50 Local a Designar',116904,'Z');
INSERT INTO "horarios" VALUES('QUI 12:00 - 13:50 Local a Designar',116904,'Z');
INSERT INTO "horarios" VALUES('SEX 12:00 - 13:50 Local a Designar',116904,'Z');
INSERT INTO "professores" VALUES('BRUNO LUIGGI MACCHIAVELLO ESPINOZA',116904,'Z');
INSERT INTO "turmas" VALUES('ZZ',116904);
INSERT INTO "horarios" VALUES('SEG 12:00 - 13:50 Local a Designar',116904,'ZZ');
INSERT INTO "horarios" VALUES('TER 12:00 - 13:50 Local a Designar',116904,'ZZ');
INSERT INTO "horarios" VALUES('QUA 12:00 - 13:50 Local a Designar',116904,'ZZ');
INSERT INTO "horarios" VALUES('QUI 12:00 - 13:50 Local a Designar',116904,'ZZ');
INSERT INTO "professores" VALUES('ALBA CRISTINA MAGALHAES ALVES DE MELO',116904,'ZZ');
INSERT INTO "disciplinas" VALUES(117536,'PROJETO E ANALISE DE ALGORITMOS',116);
INSERT INTO "turmas" VALUES('A',117536);
INSERT INTO "horarios" VALUES('SEG 14:00 - 15:50 PJC BT 101',117536,'A');
INSERT INTO "horarios" VALUES('QUA 14:00 - 15:50 PJC BT 101',117536,'A');
INSERT INTO "professores" VALUES('JAN MENDONCA CORREA',117536,'A');
INSERT INTO "disciplinas" VALUES(207322,'PROJETO FINAL EM ENGENHARIA DE COMPUTACAO 1',116);
INSERT INTO "turmas" VALUES('A',207322);
INSERT INTO "horarios" VALUES('SEG 12:00 - 13:50 Local a Designar',207322,'A');
INSERT INTO "professores" VALUES('MARIA EMILIA MACHADO TELLES WALTER',207322,'A');
INSERT INTO "turmas" VALUES('B',207322);
INSERT INTO "horarios" VALUES('SEG 12:00 - 13:50 Local a Designar',207322,'B');
INSERT INTO "professores" VALUES('BRUNO LUIGGI MACCHIAVELLO ESPINOZA',207322,'B');
INSERT INTO "turmas" VALUES('C',207322);
INSERT INTO "horarios" VALUES('SEG 12:00 - 13:50 Local a Designar',207322,'C');
INSERT INTO "professores" VALUES('JACIR LUIZ BORDIM',207322,'C');
INSERT INTO "turmas" VALUES('D',207322);
INSERT INTO "horarios" VALUES('SEG 12:00 - 13:50 Local a Designar',207322,'D');
INSERT INTO "professores" VALUES('ALUIZIO ARCELA JUNIOR',207322,'D');
INSERT INTO "turmas" VALUES('E',207322);
INSERT INTO "horarios" VALUES('SEG 12:00 - 13:50 Local a Designar',207322,'E');
INSERT INTO "professores" VALUES('RAFAEL TIMOTEO DE SOUSA JUNIOR',207322,'E');
INSERT INTO "turmas" VALUES('F',207322);
INSERT INTO "horarios" VALUES('SEG 12:00 - 13:50 Local a Designar',207322,'F');
INSERT INTO "professores" VALUES('JOSE EDIL GUIMARAES DE MEDEIROS',207322,'F');
INSERT INTO "turmas" VALUES('G',207322);
INSERT INTO "horarios" VALUES('SEG 12:00 - 13:50 Local a Designar',207322,'G');
INSERT INTO "professores" VALUES('ALETEIA PATRICIA FAVACHO DE ARAUJO VON PAUMGARTTEN',207322,'G');
INSERT INTO "turmas" VALUES('H',207322);
INSERT INTO "horarios" VALUES('SEG 12:00 - 13:50 Local a Designar',207322,'H');
INSERT INTO "professores" VALUES('GENAINA NUNES RODRIGUES',207322,'H');
INSERT INTO "turmas" VALUES('I',207322);
INSERT INTO "horarios" VALUES('SEG 12:00 - 13:50 Local a Designar',207322,'I');
INSERT INTO "professores" VALUES('JOAO JOSE COSTA GONDIM',207322,'I');
INSERT INTO "turmas" VALUES('J',207322);
INSERT INTO "horarios" VALUES('SEG 12:00 - 13:50 Local a Designar',207322,'J');
INSERT INTO "professores" VALUES('CARLA DENISE CASTANHO',207322,'J');
INSERT INTO "turmas" VALUES('K',207322);
INSERT INTO "horarios" VALUES('SEG 12:00 - 13:50 Local a Designar',207322,'K');
INSERT INTO "professores" VALUES('ALBA CRISTINA MAGALHAES ALVES DE MELO',207322,'K');
INSERT INTO "turmas" VALUES('L',207322);
INSERT INTO "horarios" VALUES('SEG 10:00 - 11:50 Local a Designar',207322,'L');
INSERT INTO "professores" VALUES('MARISTELA TERTO DE HOLANDA',207322,'L');
INSERT INTO "turmas" VALUES('M',207322);
INSERT INTO "horarios" VALUES('SEG 12:00 - 13:50 Local a Designar',207322,'M');
INSERT INTO "professores" VALUES('FERNANDA LIMA',207322,'M');
INSERT INTO "turmas" VALUES('N',207322);
INSERT INTO "horarios" VALUES('SEG 12:00 - 13:50 Local a Designar',207322,'N');
INSERT INTO "professores" VALUES('ALEXANDRE ZAGHETTO',207322,'N');
INSERT INTO "turmas" VALUES('O',207322);
INSERT INTO "horarios" VALUES('SEG 12:00 - 13:50 Local a Designar',207322,'O');
INSERT INTO "professores" VALUES('RICARDO PEZZUOL JACOBI',207322,'O');
INSERT INTO "disciplinas" VALUES(207331,'PROJETO FINAL EM ENGENHARIA DE COMPUTACAO 2',116);
INSERT INTO "turmas" VALUES('A',207331);
INSERT INTO "horarios" VALUES('TER 12:00 - 13:50 Local a Designar',207331,'A');
INSERT INTO "horarios" VALUES('QUA 12:00 - 13:50 Local a Designar',207331,'A');
INSERT INTO "horarios" VALUES('QUI 12:00 - 13:50 Local a Designar',207331,'A');
INSERT INTO "professores" VALUES('GENAINA NUNES RODRIGUES',207331,'A');
INSERT INTO "turmas" VALUES('B',207331);
INSERT INTO "horarios" VALUES('TER 12:00 - 13:50 Local a Designar',207331,'B');
INSERT INTO "horarios" VALUES('QUA 12:00 - 13:50 Local a Designar',207331,'B');
INSERT INTO "horarios" VALUES('QUI 12:00 - 13:50 Local a Designar',207331,'B');
INSERT INTO "professores" VALUES('BRUNO LUIGGI MACCHIAVELLO ESPINOZA',207331,'B');
INSERT INTO "turmas" VALUES('C',207331);
INSERT INTO "horarios" VALUES('TER 12:00 - 13:50 Local a Designar',207331,'C');
INSERT INTO "horarios" VALUES('QUA 12:00 - 13:50 Local a Designar',207331,'C');
INSERT INTO "horarios" VALUES('QUI 12:00 - 13:50 Local a Designar',207331,'C');
INSERT INTO "professores" VALUES('MARIA EMILIA MACHADO TELLES WALTER',207331,'C');
INSERT INTO "turmas" VALUES('D',207331);
INSERT INTO "horarios" VALUES('TER 12:00 - 13:50 Local a Designar',207331,'D');
INSERT INTO "horarios" VALUES('QUA 12:00 - 13:50 Local a Designar',207331,'D');
INSERT INTO "horarios" VALUES('QUI 12:00 - 13:50 Local a Designar',207331,'D');
INSERT INTO "professores" VALUES('MARISTELA TERTO DE HOLANDA',207331,'D');
INSERT INTO "turmas" VALUES('E',207331);
INSERT INTO "horarios" VALUES('TER 12:00 - 13:50 Local a Designar',207331,'E');
INSERT INTO "horarios" VALUES('QUA 12:00 - 13:50 Local a Designar',207331,'E');
INSERT INTO "horarios" VALUES('QUI 12:00 - 13:50 Local a Designar',207331,'E');
INSERT INTO "professores" VALUES('JOAO JOSE COSTA GONDIM',207331,'E');
INSERT INTO "turmas" VALUES('F',207331);
INSERT INTO "horarios" VALUES('TER 12:00 - 13:50 Local a Designar',207331,'F');
INSERT INTO "horarios" VALUES('QUA 12:00 - 13:50 Local a Designar',207331,'F');
INSERT INTO "horarios" VALUES('QUI 12:00 - 13:50 Local a Designar',207331,'F');
INSERT INTO "professores" VALUES('ALETEIA PATRICIA FAVACHO DE ARAUJO VON PAUMGARTTEN',207331,'F');
INSERT INTO "turmas" VALUES('G',207331);
INSERT INTO "horarios" VALUES('TER 12:00 - 13:50 Local a Designar',207331,'G');
INSERT INTO "horarios" VALUES('QUA 12:00 - 13:50 Local a Designar',207331,'G');
INSERT INTO "horarios" VALUES('QUI 12:00 - 13:50 Local a Designar',207331,'G');
INSERT INTO "professores" VALUES('MARCUS VINICIUS LAMAR',207331,'G');
INSERT INTO "turmas" VALUES('H',207331);
INSERT INTO "horarios" VALUES('TER 12:00 - 13:50 Local a Designar',207331,'H');
INSERT INTO "horarios" VALUES('QUA 12:00 - 13:50 Local a Designar',207331,'H');
INSERT INTO "horarios" VALUES('QUI 12:00 - 13:50 Local a Designar',207331,'H');
INSERT INTO "professores" VALUES('ALBA CRISTINA MAGALHAES ALVES DE MELO',207331,'H');
INSERT INTO "turmas" VALUES('I',207331);
INSERT INTO "horarios" VALUES('TER 12:00 - 13:50 Local a Designar',207331,'I');
INSERT INTO "horarios" VALUES('QUA 12:00 - 13:50 Local a Designar',207331,'I');
INSERT INTO "horarios" VALUES('QUI 12:00 - 13:50 Local a Designar',207331,'I');
INSERT INTO "professores" VALUES('EDUARDO PEIXOTO FERNANDES DA SILVA',207331,'I');
INSERT INTO "turmas" VALUES('J',207331);
INSERT INTO "horarios" VALUES('TER 12:00 - 13:50 Local a Designar',207331,'J');
INSERT INTO "horarios" VALUES('QUA 12:00 - 13:50 Local a Designar',207331,'J');
INSERT INTO "horarios" VALUES('QUI 12:00 - 13:50 Local a Designar',207331,'J');
INSERT INTO "professores" VALUES('ALEXANDRE ZAGHETTO',207331,'J');
INSERT INTO "turmas" VALUES('K',207331);
INSERT INTO "horarios" VALUES('TER 12:00 - 13:50 Local a Designar',207331,'K');
INSERT INTO "horarios" VALUES('QUA 12:00 - 13:50 Local a Designar',207331,'K');
INSERT INTO "horarios" VALUES('QUI 12:00 - 13:50 Local a Designar',207331,'K');
INSERT INTO "professores" VALUES('MYLENE CHRISTINE QUEIROZ DE FARIAS',207331,'K');
INSERT INTO "turmas" VALUES('L',207331);
INSERT INTO "horarios" VALUES('SEG 12:00 - 13:50 Local a Designar',207331,'L');
INSERT INTO "horarios" VALUES('TER 12:00 - 13:50 Local a Designar',207331,'L');
INSERT INTO "horarios" VALUES('QUA 12:00 - 13:50 Local a Designar',207331,'L');
INSERT INTO "professores" VALUES('EDISON ISHIKAWA',207331,'L');
INSERT INTO "turmas" VALUES('M',207331);
INSERT INTO "horarios" VALUES('TER 12:00 - 13:50 Local a Designar',207331,'M');
INSERT INTO "horarios" VALUES('QUA 12:00 - 13:50 Local a Designar',207331,'M');
INSERT INTO "horarios" VALUES('QUI 12:00 - 13:50 Local a Designar',207331,'M');
INSERT INTO "professores" VALUES('CARLA DENISE CASTANHO',207331,'M');
INSERT INTO "disciplinas" VALUES(116572,'REDES DE COMPUTADORES',116);
INSERT INTO "turmas" VALUES('A',116572);
INSERT INTO "horarios" VALUES('TER 19:00 - 20:50 PJC BT 085',116572,'A');
INSERT INTO "horarios" VALUES('QUI 20:50 - 22:40 PJC BT 085',116572,'A');
INSERT INTO "professores" VALUES('MARCOS FAGUNDES CAETANO',116572,'A');
INSERT INTO "disciplinas" VALUES(116530,'SEGURANCA DE DADOS',116);
INSERT INTO "turmas" VALUES('A',116530);
INSERT INTO "horarios" VALUES('SEG 14:00 - 15:50 PJC BT 117',116530,'A');
INSERT INTO "horarios" VALUES('QUA 14:00 - 15:50 PJC BT 117',116530,'A');
INSERT INTO "professores" VALUES('PEDRO ANTONIO DOURADO DE REZENDE',116530,'A');
INSERT INTO "disciplinas" VALUES(206075,'SINAIS E SISTEMAS',116);
INSERT INTO "turmas" VALUES('A',206075);
INSERT INTO "horarios" VALUES('TER 14:00 - 15:50 PJC BT 117',206075,'A');
INSERT INTO "horarios" VALUES('QUI 14:00 - 15:50 PJC BT 117',206075,'A');
INSERT INTO "professores" VALUES('RICARDO LOPES DE QUEIROZ',206075,'A');
INSERT INTO "disciplinas" VALUES(116416,'SISTEMAS DE INFORMACAO',116);
INSERT INTO "turmas" VALUES('A',116416);
INSERT INTO "horarios" VALUES('SEG 10:00 - 11:50 PAT AT 028',116416,'A');
INSERT INTO "horarios" VALUES('QUA 10:00 - 11:50 PAT AT 028',116416,'A');
INSERT INTO "professores" VALUES('CELIA GHEDINI RALHA',116416,'A');
INSERT INTO "turmas" VALUES('B',116416);
INSERT INTO "horarios" VALUES('SEG 20:50 - 22:30 PAT AT 013',116416,'B');
INSERT INTO "horarios" VALUES('QUA 20:50 - 22:30 PAT AT 013',116416,'B');
INSERT INTO "professores" VALUES('VANDER RAMOS ALVES',116416,'B');
INSERT INTO "disciplinas" VALUES(116467,'SISTEMAS OPERACIONAIS',116);
INSERT INTO "turmas" VALUES('A',116467);
INSERT INTO "horarios" VALUES('SEG 08:00 - 09:50 PJC BT 100',116467,'A');
INSERT INTO "horarios" VALUES('QUA 08:00 - 09:50 PJC BT 100',116467,'A');
INSERT INTO "horarios" VALUES('SEX 08:00 - 09:50 PJC BT 100',116467,'A');
INSERT INTO "professores" VALUES('ALBA CRISTINA MAGALHAES ALVES DE MELO',116467,'A');
INSERT INTO "disciplinas" VALUES(116432,'SOFTWARE BASICO',116);
INSERT INTO "turmas" VALUES('A',116432);
INSERT INTO "horarios" VALUES('SEG 10:00 - 11:50 PAT AT 093',116432,'A');
INSERT INTO "horarios" VALUES('QUA 10:00 - 11:50 PAT AT 093',116432,'A');
INSERT INTO "professores" VALUES('MARCELO LADEIRA',116432,'A');
INSERT INTO "turmas" VALUES('B',116432);
INSERT INTO "horarios" VALUES('QUA 10:00 - 11:50 PAT AT 117',116432,'B');
INSERT INTO "horarios" VALUES('SEX 10:00 - 11:50 PAT AT 117',116432,'B');
INSERT INTO "professores" VALUES('BRUNO LUIGGI MACCHIAVELLO ESPINOZA',116432,'B');
INSERT INTO "disciplinas" VALUES(117331,'SUPERVISAO DE ESTAGIO DE LICENCIATURA - COMPUTACAO',116);
INSERT INTO "turmas" VALUES('A',117331);
INSERT INTO "horarios" VALUES('SEG 08:00 - 09:50 Local a Designar',117331,'A');
INSERT INTO "professores" VALUES('MARIA DE FATIMA RAMOS BRANDAO',117331,'A');
INSERT INTO "turmas" VALUES('B',117331);
INSERT INTO "horarios" VALUES('QUA 08:00 - 09:50 Local a Designar',117331,'B');
INSERT INTO "professores" VALUES('WILSON HENRIQUE VENEZIANO',117331,'B');
INSERT INTO "turmas" VALUES('C',117331);
INSERT INTO "horarios" VALUES('SAB 08:00 - 09:50 Local a Designar',117331,'C');
INSERT INTO "professores" VALUES('FRANCISCO VILLA ULHOA BOTELHO',117331,'C');
INSERT INTO "turmas" VALUES('D',117331);
INSERT INTO "horarios" VALUES('SAB 08:00 - 09:50 Local a Designar',117331,'D');
INSERT INTO "professores" VALUES('GISLANE PEREIRA SANTANA',117331,'D');
INSERT INTO "disciplinas" VALUES(204315,'TELEINFORMATICA E REDES 1',116);
INSERT INTO "turmas" VALUES('A',204315);
INSERT INTO "horarios" VALUES('TER 10:00 - 11:50 PAT AT 036',204315,'A');
INSERT INTO "horarios" VALUES('QUI 10:00 - 11:50 PAT AT 036',204315,'A');
INSERT INTO "professores" VALUES('PRISCILA AMERICA SOLIS MENDEZ BARRETO',204315,'A');
INSERT INTO "disciplinas" VALUES(204323,'TELEINFORMATICA E REDES 2',116);
INSERT INTO "turmas" VALUES('A',204323);
INSERT INTO "horarios" VALUES('TER 10:00 - 11:50 BAES A1 11/27',204323,'A');
INSERT INTO "horarios" VALUES('QUI 10:00 - 11:50 BAES A1 11/27',204323,'A');
INSERT INTO "professores" VALUES('JACIR LUIZ BORDIM',204323,'A');
INSERT INTO "disciplinas" VALUES(116360,'TEORIA DA COMPUTACAO',116);
INSERT INTO "turmas" VALUES('A',116360);
INSERT INTO "horarios" VALUES('TER 19:00 - 20:40 PAT AT 061',116360,'A');
INSERT INTO "horarios" VALUES('QUI 19:00 - 20:40 PAT AT 061',116360,'A');
INSERT INTO "professores" VALUES('PEDRO ANTONIO DOURADO DE REZENDE',116360,'A');
INSERT INTO "disciplinas" VALUES(116823,'TEORIA E PRATICA PEDAGOGICA EM INFORMATICA 1',116);
INSERT INTO "turmas" VALUES('B',116823);
INSERT INTO "horarios" VALUES('QUA 20:50 - 22:30 PAT AT 076',116823,'B');
INSERT INTO "horarios" VALUES('SEX 19:00 - 20:40 PAT AT 085',116823,'B');
INSERT INTO "horarios" VALUES('SAB 14:00 - 15:40 PAT AT 076',116823,'B');
INSERT INTO "professores" VALUES('FRANCISCO VILLA ULHOA BOTELHO',116823,'B');
INSERT INTO "professores" VALUES('GISLANE PEREIRA SANTANA',116823,'B');
INSERT INTO "disciplinas" VALUES(116831,'TEORIA E PRATICA PEDAGOGICA EM INFORMATICA 2',116);
INSERT INTO "turmas" VALUES('B',116831);
INSERT INTO "horarios" VALUES('SEX 19:00 - 20:40 LINF. 1',116831,'B');
INSERT INTO "horarios" VALUES('SAB 10:00 - 11:40 LINF. 1',116831,'B');
INSERT INTO "professores" VALUES('FRANCISCO VILLA ULHOA BOTELHO',116831,'B');
INSERT INTO "professores" VALUES('GISLANE PEREIRA SANTANA',116831,'B');
INSERT INTO "disciplinas" VALUES(116297,'TOPICOS AVANCADOS EM COMPUTADORES',116);
INSERT INTO "turmas" VALUES('A',116297);
INSERT INTO "horarios" VALUES('TER 12:00 - 13:50 Local a Designar',116297,'A');
INSERT INTO "horarios" VALUES('QUI 12:00 - 13:50 Local a Designar',116297,'A');
INSERT INTO "professores" VALUES('EDGARD COSTA OLIVEIRA',116297,'A');
INSERT INTO "professores" VALUES('EDISON ISHIKAWA',116297,'A');
INSERT INTO "professores" VALUES('MARCIO DE CARVALHO VICTORINO',116297,'A');
INSERT INTO "professores" VALUES('MARIA DE FATIMA RAMOS BRANDAO',116297,'A');
INSERT INTO "turmas" VALUES('B',116297);
INSERT INTO "horarios" VALUES('TER 12:00 - 13:50 Local a Designar',116297,'B');
INSERT INTO "horarios" VALUES('QUI 12:00 - 13:50 Local a Designar',116297,'B');
INSERT INTO "professores" VALUES('CELIA GHEDINI RALHA',116297,'B');
INSERT INTO "turmas" VALUES('E',116297);
INSERT INTO "horarios" VALUES('SEG 14:00 - 15:50 BAES A1 11/49',116297,'E');
INSERT INTO "horarios" VALUES('QUA 14:00 - 15:50 BAES A1 11/49',116297,'E');
INSERT INTO "professores" VALUES('EDUARDO ADILIO PELINSON ALCHIERI',116297,'E');
INSERT INTO "turmas" VALUES('H',116297);
INSERT INTO "horarios" VALUES('TER 16:00 - 17:50 BAES A1 11/19',116297,'H');
INSERT INTO "horarios" VALUES('QUI 16:00 - 17:50 BAES A1 11/19',116297,'H');
INSERT INTO "professores" VALUES('MARISTELA TERTO DE HOLANDA',116297,'H');
INSERT INTO "turmas" VALUES('I',116297);
INSERT INTO "horarios" VALUES('TER 12:00 - 13:50 Local a Designar',116297,'I');
INSERT INTO "horarios" VALUES('QUA 12:00 - 13:50 Local a Designar',116297,'I');
INSERT INTO "professores" VALUES('MARCELO LADEIRA',116297,'I');
INSERT INTO "turmas" VALUES('J',116297);
INSERT INTO "horarios" VALUES('QUA 08:00 - 09:50 Local a Designar',116297,'J');
INSERT INTO "horarios" VALUES('SEX 08:00 - 09:50 Local a Designar',116297,'J');
INSERT INTO "professores" VALUES('RICARDO PEZZUOL JACOBI',116297,'J');
INSERT INTO "turmas" VALUES('L',116297);
INSERT INTO "horarios" VALUES('QUA 12:00 - 13:50 Local a Designar',116297,'L');
INSERT INTO "horarios" VALUES('SEX 12:00 - 13:50 Local a Designar',116297,'L');
INSERT INTO "professores" VALUES('GUILHERME NOVAES RAMOS',116297,'L');
INSERT INTO "turmas" VALUES('N',116297);
INSERT INTO "horarios" VALUES('TER 12:00 - 13:50 Local a Designar',116297,'N');
INSERT INTO "horarios" VALUES('QUI 12:00 - 13:50 Local a Designar',116297,'N');
INSERT INTO "professores" VALUES('EDISON ISHIKAWA',116297,'N');
INSERT INTO "turmas" VALUES('P',116297);
INSERT INTO "horarios" VALUES('SEG 12:00 - 13:50 Local a Designar',116297,'P');
INSERT INTO "horarios" VALUES('QUA 12:00 - 13:50 Local a Designar',116297,'P');
INSERT INTO "professores" VALUES('GENAINA NUNES RODRIGUES',116297,'P');
INSERT INTO "turmas" VALUES('Q',116297);
INSERT INTO "horarios" VALUES('TER 14:00 - 15:50 ICC AT- 169/8',116297,'Q');
INSERT INTO "horarios" VALUES('QUI 14:00 - 15:50 ICC AT- 169/8',116297,'Q');
INSERT INTO "professores" VALUES('JACIR LUIZ BORDIM',116297,'Q');
INSERT INTO "disciplinas" VALUES(116475,'TRABALHO DE GRADUACAO',116);
INSERT INTO "turmas" VALUES('A',116475);
INSERT INTO "horarios" VALUES('SEG 12:00 - 13:50 Local a Designar',116475,'A');
INSERT INTO "horarios" VALUES('QUA 12:00 - 13:50 Local a Designar',116475,'A');
INSERT INTO "horarios" VALUES('SEX 12:00 - 13:50 Local a Designar',116475,'A');
INSERT INTO "professores" VALUES('MARCELO LADEIRA',116475,'A');
INSERT INTO "turmas" VALUES('B',116475);
INSERT INTO "horarios" VALUES('SEG 12:00 - 13:50 Local a Designar',116475,'B');
INSERT INTO "horarios" VALUES('QUA 12:00 - 13:50 Local a Designar',116475,'B');
INSERT INTO "horarios" VALUES('SEX 12:00 - 13:50 Local a Designar',116475,'B');
INSERT INTO "professores" VALUES('MARCUS VINICIUS LAMAR',116475,'B');
INSERT INTO "turmas" VALUES('C',116475);
INSERT INTO "horarios" VALUES('SEG 12:00 - 13:50 Local a Designar',116475,'C');
INSERT INTO "horarios" VALUES('QUA 12:00 - 13:50 Local a Designar',116475,'C');
INSERT INTO "horarios" VALUES('SEX 12:00 - 13:50 Local a Designar',116475,'C');
INSERT INTO "professores" VALUES('CLAUDIA NALON',116475,'C');
INSERT INTO "turmas" VALUES('D',116475);
INSERT INTO "horarios" VALUES('SEG 12:00 - 13:50 Local a Designar',116475,'D');
INSERT INTO "horarios" VALUES('QUA 12:00 - 13:50 Local a Designar',116475,'D');
INSERT INTO "horarios" VALUES('SEX 12:00 - 13:50 Local a Designar',116475,'D');
INSERT INTO "professores" VALUES('JOAO JOSE COSTA GONDIM',116475,'D');
INSERT INTO "disciplinas" VALUES(116912,'TRABALHO DE GRADUACAO 1',116);
INSERT INTO "turmas" VALUES('A',116912);
INSERT INTO "horarios" VALUES('SEG 08:00 - 09:50 BAES A1 11/19',116912,'A');
INSERT INTO "professores" VALUES('MARIA EMILIA MACHADO TELLES WALTER',116912,'A');
INSERT INTO "turmas" VALUES('B',116912);
INSERT INTO "horarios" VALUES('SEG 19:00 - 20:50 PAT AT 053',116912,'B');
INSERT INTO "professores" VALUES('MARIA EMILIA MACHADO TELLES WALTER',116912,'B');
INSERT INTO "disciplinas" VALUES(116921,'TRABALHO DE GRADUACAO 2',116);
INSERT INTO "turmas" VALUES('AA',116921);
INSERT INTO "horarios" VALUES('SEG 12:00 - 13:50 Local a Designar',116921,'AA');
INSERT INTO "horarios" VALUES('QUA 12:00 - 13:50 Local a Designar',116921,'AA');
INSERT INTO "professores" VALUES('JAN MENDONCA CORREA',116921,'AA');
INSERT INTO "turmas" VALUES('B',116921);
INSERT INTO "horarios" VALUES('TER 12:00 - 13:50 Local a Designar',116921,'B');
INSERT INTO "horarios" VALUES('QUI 12:00 - 13:50 Local a Designar',116921,'B');
INSERT INTO "professores" VALUES('JORGE HENRIQUE CABRAL FERNANDES',116921,'B');
INSERT INTO "turmas" VALUES('BB',116921);
INSERT INTO "horarios" VALUES('TER 12:00 - 13:50 Local a Designar',116921,'BB');
INSERT INTO "horarios" VALUES('QUI 12:00 - 13:50 Local a Designar',116921,'BB');
INSERT INTO "professores" VALUES('CARLA MARIA CHAGAS E CAVALCANTE KOIKE',116921,'BB');
INSERT INTO "turmas" VALUES('C',116921);
INSERT INTO "horarios" VALUES('SEG 12:00 - 13:50 Local a Designar',116921,'C');
INSERT INTO "horarios" VALUES('QUA 12:00 - 13:50 Local a Designar',116921,'C');
INSERT INTO "professores" VALUES('ALBA CRISTINA MAGALHAES ALVES DE MELO',116921,'C');
INSERT INTO "turmas" VALUES('CC',116921);
INSERT INTO "horarios" VALUES('TER 12:00 - 13:50 Local a Designar',116921,'CC');
INSERT INTO "horarios" VALUES('QUI 12:00 - 13:50 Local a Designar',116921,'CC');
INSERT INTO "professores" VALUES('FERNANDA LIMA',116921,'CC');
INSERT INTO "turmas" VALUES('D',116921);
INSERT INTO "horarios" VALUES('SEG 12:00 - 13:50 Local a Designar',116921,'D');
INSERT INTO "horarios" VALUES('QUA 12:00 - 13:50 Local a Designar',116921,'D');
INSERT INTO "professores" VALUES('PEDRO ANTONIO DOURADO DE REZENDE',116921,'D');
INSERT INTO "turmas" VALUES('DD',116921);
INSERT INTO "horarios" VALUES('SEG 12:00 - 13:50 Local a Designar',116921,'DD');
INSERT INTO "horarios" VALUES('QUA 12:00 - 13:50 Local a Designar',116921,'DD');
INSERT INTO "professores" VALUES('MARCUS VINICIUS LAMAR',116921,'DD');
INSERT INTO "turmas" VALUES('EE',116921);
INSERT INTO "horarios" VALUES('SEG 12:00 - 13:50 Local a Designar',116921,'EE');
INSERT INTO "horarios" VALUES('QUA 12:00 - 13:50 Local a Designar',116921,'EE');
INSERT INTO "professores" VALUES('VANDER RAMOS ALVES',116921,'EE');
INSERT INTO "turmas" VALUES('F',116921);
INSERT INTO "horarios" VALUES('SEG 12:00 - 13:50 Local a Designar',116921,'F');
INSERT INTO "horarios" VALUES('QUA 12:00 - 13:50 Local a Designar',116921,'F');
INSERT INTO "professores" VALUES('FERNANDO ANTONIO DE ARAUJO CHACON DE ALBUQUERQUE',116921,'F');
INSERT INTO "turmas" VALUES('FF',116921);
INSERT INTO "horarios" VALUES('TER 12:00 - 13:50 Local a Designar',116921,'FF');
INSERT INTO "horarios" VALUES('QUI 12:00 - 13:50 Local a Designar',116921,'FF');
INSERT INTO "professores" VALUES('FLAVIO DE BARROS VIDAL',116921,'FF');
INSERT INTO "turmas" VALUES('G',116921);
INSERT INTO "horarios" VALUES('SEG 12:00 - 13:50 Local a Designar',116921,'G');
INSERT INTO "horarios" VALUES('QUA 12:00 - 13:50 Local a Designar',116921,'G');
INSERT INTO "professores" VALUES('FRANCISCO DE ASSIS CARTAXO PINHEIRO',116921,'G');
INSERT INTO "turmas" VALUES('GG',116921);
INSERT INTO "horarios" VALUES('SEG 12:00 - 13:50 Local a Designar',116921,'GG');
INSERT INTO "horarios" VALUES('QUA 12:00 - 13:50 Local a Designar',116921,'GG');
INSERT INTO "professores" VALUES('RICARDO LOPES DE QUEIROZ',116921,'GG');
INSERT INTO "turmas" VALUES('H',116921);
INSERT INTO "horarios" VALUES('SEG 12:00 - 13:50 Local a Designar',116921,'H');
INSERT INTO "horarios" VALUES('QUA 12:00 - 13:50 Local a Designar',116921,'H');
INSERT INTO "professores" VALUES('GUILHERME NOVAES RAMOS',116921,'H');
INSERT INTO "turmas" VALUES('HH',116921);
INSERT INTO "horarios" VALUES('TER 12:00 - 13:50 Local a Designar',116921,'HH');
INSERT INTO "horarios" VALUES('QUI 12:00 - 13:50 Local a Designar',116921,'HH');
INSERT INTO "professores" VALUES('CAMILO CHANG DOREA',116921,'HH');
INSERT INTO "turmas" VALUES('I',116921);
INSERT INTO "horarios" VALUES('SEG 12:00 - 13:50 Local a Designar',116921,'I');
INSERT INTO "horarios" VALUES('QUA 12:00 - 13:50 Local a Designar',116921,'I');
INSERT INTO "professores" VALUES('JACIR LUIZ BORDIM',116921,'I');
INSERT INTO "turmas" VALUES('II',116921);
INSERT INTO "horarios" VALUES('SEG 12:00 - 13:50 Local a Designar',116921,'II');
INSERT INTO "horarios" VALUES('QUA 12:00 - 13:50 Local a Designar',116921,'II');
INSERT INTO "professores" VALUES('ALEXANDRE ZAGHETTO',116921,'II');
INSERT INTO "turmas" VALUES('J',116921);
INSERT INTO "horarios" VALUES('SEG 12:00 - 13:50 Local a Designar',116921,'J');
INSERT INTO "horarios" VALUES('QUA 12:00 - 13:50 Local a Designar',116921,'J');
INSERT INTO "professores" VALUES('JOAO JOSE COSTA GONDIM',116921,'J');
INSERT INTO "turmas" VALUES('JJ',116921);
INSERT INTO "horarios" VALUES('TER 12:00 - 13:50 Local a Designar',116921,'JJ');
INSERT INTO "horarios" VALUES('QUI 12:00 - 13:50 Local a Designar',116921,'JJ');
INSERT INTO "professores" VALUES('GERMANA MENEZES DA NOBREGA',116921,'JJ');
INSERT INTO "turmas" VALUES('JL',116921);
INSERT INTO "horarios" VALUES('SEG 12:00 - 13:50 Local a Designar',116921,'JL');
INSERT INTO "horarios" VALUES('QUA 12:00 - 13:50 Local a Designar',116921,'JL');
INSERT INTO "professores" VALUES('JORGE CARLOS LUCERO',116921,'JL');
INSERT INTO "turmas" VALUES('K',116921);
INSERT INTO "horarios" VALUES('SEG 12:00 - 13:50 Local a Designar',116921,'K');
INSERT INTO "horarios" VALUES('QUA 12:00 - 13:50 Local a Designar',116921,'K');
INSERT INTO "professores" VALUES('JOSE CARLOS LOUREIRO RALHA',116921,'K');
INSERT INTO "turmas" VALUES('KK',116921);
INSERT INTO "horarios" VALUES('SEG 12:00 - 13:50 Local a Designar',116921,'KK');
INSERT INTO "horarios" VALUES('QUA 12:00 - 13:50 Local a Designar',116921,'KK');
INSERT INTO "professores" VALUES('MYLENE CHRISTINE QUEIROZ DE FARIAS',116921,'KK');
INSERT INTO "turmas" VALUES('L',116921);
INSERT INTO "horarios" VALUES('SEG 12:00 - 13:50 Local a Designar',116921,'L');
INSERT INTO "horarios" VALUES('QUA 12:00 - 13:50 Local a Designar',116921,'L');
INSERT INTO "professores" VALUES('LI WEIGANG',116921,'L');
INSERT INTO "turmas" VALUES('LL',116921);
INSERT INTO "horarios" VALUES('SEG 12:00 - 13:50 Local a Designar',116921,'LL');
INSERT INTO "horarios" VALUES('QUA 12:00 - 13:50 Local a Designar',116921,'LL');
INSERT INTO "professores" VALUES('ALETEIA PATRICIA FAVACHO DE ARAUJO VON PAUMGARTTEN',116921,'LL');
INSERT INTO "turmas" VALUES('M',116921);
INSERT INTO "horarios" VALUES('SEG 12:00 - 13:50 Local a Designar',116921,'M');
INSERT INTO "horarios" VALUES('QUA 12:00 - 13:50 Local a Designar',116921,'M');
INSERT INTO "professores" VALUES('MARCELO LADEIRA',116921,'M');
INSERT INTO "turmas" VALUES('MC',116921);
INSERT INTO "horarios" VALUES('SEG 12:00 - 13:50 Local a Designar',116921,'MC');
INSERT INTO "horarios" VALUES('QUA 12:00 - 13:50 Local a Designar',116921,'MC');
INSERT INTO "professores" VALUES('MARCOS FAGUNDES CAETANO',116921,'MC');
INSERT INTO "turmas" VALUES('MM',116921);
INSERT INTO "horarios" VALUES('SEG 12:00 - 13:50 Local a Designar',116921,'MM');
INSERT INTO "horarios" VALUES('QUA 12:00 - 13:50 Local a Designar',116921,'MM');
INSERT INTO "professores" VALUES('MARISTELA TERTO DE HOLANDA',116921,'MM');
INSERT INTO "turmas" VALUES('NN',116921);
INSERT INTO "horarios" VALUES('SEG 12:00 - 13:50 Local a Designar',116921,'NN');
INSERT INTO "horarios" VALUES('QUA 12:00 - 13:50 Local a Designar',116921,'NN');
INSERT INTO "professores" VALUES('GENAINA NUNES RODRIGUES',116921,'NN');
INSERT INTO "turmas" VALUES('OO',116921);
INSERT INTO "horarios" VALUES('SEG 12:00 - 13:50 Local a Designar',116921,'OO');
INSERT INTO "horarios" VALUES('QUA 12:00 - 13:50 Local a Designar',116921,'OO');
INSERT INTO "professores" VALUES('MAURICIO AYALA RINCON',116921,'OO');
INSERT INTO "turmas" VALUES('Q',116921);
INSERT INTO "horarios" VALUES('SEG 12:00 - 13:50 Local a Designar',116921,'Q');
INSERT INTO "horarios" VALUES('QUA 12:00 - 13:50 Local a Designar',116921,'Q');
INSERT INTO "professores" VALUES('MARIA EMILIA MACHADO TELLES WALTER',116921,'Q');
INSERT INTO "turmas" VALUES('QQ',116921);
INSERT INTO "horarios" VALUES('SEG 12:00 - 13:50 Local a Designar',116921,'QQ');
INSERT INTO "horarios" VALUES('QUA 12:00 - 13:50 Local a Designar',116921,'QQ');
INSERT INTO "professores" VALUES('BRUNO LUIGGI MACCHIAVELLO ESPINOZA',116921,'QQ');
INSERT INTO "turmas" VALUES('R',116921);
INSERT INTO "horarios" VALUES('SEG 12:00 - 13:50 Local a Designar',116921,'R');
INSERT INTO "horarios" VALUES('QUA 12:00 - 13:50 Local a Designar',116921,'R');
INSERT INTO "professores" VALUES('RICARDO PEZZUOL JACOBI',116921,'R');
INSERT INTO "turmas" VALUES('RR',116921);
INSERT INTO "horarios" VALUES('SEG 12:00 - 13:50 Local a Designar',116921,'RR');
INSERT INTO "horarios" VALUES('QUA 12:00 - 13:50 Local a Designar',116921,'RR');
INSERT INTO "professores" VALUES('DIEGO DE FREITAS ARANHA',116921,'RR');
INSERT INTO "turmas" VALUES('S',116921);
INSERT INTO "horarios" VALUES('SEG 12:00 - 13:50 Local a Designar',116921,'S');
INSERT INTO "horarios" VALUES('QUA 12:00 - 13:50 Local a Designar',116921,'S');
INSERT INTO "professores" VALUES('DIBIO LEANDRO BORGES',116921,'S');
INSERT INTO "turmas" VALUES('SS',116921);
INSERT INTO "horarios" VALUES('SEG 12:00 - 13:50 Local a Designar',116921,'SS');
INSERT INTO "horarios" VALUES('QUA 12:00 - 13:50 Local a Designar',116921,'SS');
INSERT INTO "professores" VALUES('RODRIGO BONIFACIO DE ALMEIDA',116921,'SS');
INSERT INTO "turmas" VALUES('T',116921);
INSERT INTO "horarios" VALUES('SEG 14:00 - 15:50 Local a Designar',116921,'T');
INSERT INTO "horarios" VALUES('QUA 14:00 - 15:50 Local a Designar',116921,'T');
INSERT INTO "professores" VALUES('MARIA DE FATIMA RAMOS BRANDAO',116921,'T');
INSERT INTO "turmas" VALUES('TT',116921);
INSERT INTO "horarios" VALUES('SEG 12:00 - 13:50 Local a Designar',116921,'TT');
INSERT INTO "horarios" VALUES('QUA 12:00 - 13:50 Local a Designar',116921,'TT');
INSERT INTO "professores" VALUES('WILSON HENRIQUE VENEZIANO',116921,'TT');
INSERT INTO "turmas" VALUES('U',116921);
INSERT INTO "horarios" VALUES('SEG 12:00 - 13:50 Local a Designar',116921,'U');
INSERT INTO "horarios" VALUES('QUA 12:00 - 13:50 Local a Designar',116921,'U');
INSERT INTO "professores" VALUES('CELIA GHEDINI RALHA',116921,'U');
INSERT INTO "turmas" VALUES('UU',116921);
INSERT INTO "horarios" VALUES('SEG 12:00 - 13:50 Local a Designar',116921,'UU');
INSERT INTO "horarios" VALUES('QUA 12:00 - 13:50 Local a Designar',116921,'UU');
INSERT INTO "professores" VALUES('ANDRE COSTA DRUMMOND',116921,'UU');
INSERT INTO "turmas" VALUES('V',116921);
INSERT INTO "horarios" VALUES('SEG 12:00 - 13:50 Local a Designar',116921,'V');
INSERT INTO "horarios" VALUES('QUA 12:00 - 13:50 Local a Designar',116921,'V');
INSERT INTO "professores" VALUES('FLAVIO LEONARDO CAVALCANTI DE MOURA',116921,'V');
INSERT INTO "turmas" VALUES('VV',116921);
INSERT INTO "horarios" VALUES('SEX 16:00 - 17:50 Local a Designar',116921,'VV');
INSERT INTO "professores" VALUES('CLAUDIA NALON',116921,'VV');
INSERT INTO "turmas" VALUES('W',116921);
INSERT INTO "horarios" VALUES('SEG 12:00 - 13:50 Local a Designar',116921,'W');
INSERT INTO "horarios" VALUES('QUA 12:00 - 13:50 Local a Designar',116921,'W');
INSERT INTO "professores" VALUES('CARLA DENISE CASTANHO',116921,'W');
INSERT INTO "turmas" VALUES('WW',116921);
INSERT INTO "horarios" VALUES('SEG 12:00 - 13:50 Local a Designar',116921,'WW');
INSERT INTO "horarios" VALUES('QUA 12:00 - 13:50 Local a Designar',116921,'WW');
INSERT INTO "professores" VALUES('EDUARDO ADILIO PELINSON ALCHIERI',116921,'WW');
INSERT INTO "turmas" VALUES('X',116921);
INSERT INTO "horarios" VALUES('SEG 12:00 - 13:50 Local a Designar',116921,'X');
INSERT INTO "horarios" VALUES('QUA 12:00 - 13:50 Local a Designar',116921,'X');
INSERT INTO "professores" VALUES('PEDRO DE AZEVEDO BERGER',116921,'X');
INSERT INTO "turmas" VALUES('XX',116921);
INSERT INTO "horarios" VALUES('SEG 12:00 - 13:50 Local a Designar',116921,'XX');
INSERT INTO "horarios" VALUES('QUA 12:00 - 13:50 Local a Designar',116921,'XX');
INSERT INTO "professores" VALUES('GERMANA MENEZES DA NOBREGA',116921,'XX');
INSERT INTO "turmas" VALUES('Y',116921);
INSERT INTO "horarios" VALUES('SEG 12:00 - 13:50 Local a Designar',116921,'Y');
INSERT INTO "horarios" VALUES('QUA 12:00 - 13:50 Local a Designar',116921,'Y');
INSERT INTO "professores" VALUES('PRISCILA AMERICA SOLIS MENDEZ BARRETO',116921,'Y');
INSERT INTO "turmas" VALUES('YY',116921);
INSERT INTO "horarios" VALUES('SEG 12:00 - 13:50 Local a Designar',116921,'YY');
INSERT INTO "horarios" VALUES('TER 12:00 - 13:50 Local a Designar',116921,'YY');
INSERT INTO "professores" VALUES('EDISON ISHIKAWA',116921,'YY');
INSERT INTO "disciplinas" VALUES(116459,'TRADUTORES',116);
INSERT INTO "turmas" VALUES('A',116459);
INSERT INTO "horarios" VALUES('SEG 16:00 - 17:50 PJC BT 117',116459,'A');
INSERT INTO "horarios" VALUES('QUA 16:00 - 17:50 PJC BT 117',116459,'A');
INSERT INTO "horarios" VALUES('QUI 16:00 - 17:50 PJC BT 117',116459,'A');
INSERT INTO "professores" VALUES('GERMANA MENEZES DA NOBREGA',116459,'A');
INSERT INTO "disciplinas" VALUES(116424,'TRANSMISSAO DE DADOS',116);
INSERT INTO "turmas" VALUES('A',116424);
INSERT INTO "horarios" VALUES('TER 08:00 - 09:50 PJC BT 108',116424,'A');
INSERT INTO "horarios" VALUES('QUI 08:00 - 09:50 PJC BT 108',116424,'A');
INSERT INTO "professores" VALUES('JOAO JOSE COSTA GONDIM',116424,'A');
COMMIT;
